date_in_document,date_indexed,date_matches,inn_in_document,inn_indexed,inn_matches,issuer_in_document,issuer_indexed,message_id,name_matches,status
,30.07.2021,,,,,,"Акционерное общество ""Научно-производственное предприятие ""Респиратор""",3861846,,stub_page
,03.08.2021,,,,,,"Публичное акционерное общество ""Гофрон""",3862614,,stub_page
,03.08.2021,,,,,,"Публичное акционерное общество ""Инновационный фонд ""Аз-Капитал""",3863709,,stub_page
,06.08.2021,,,,,,"Публичное акционерное общество ""Санкт-Петербургский Индустриальный Акционерный Банк""",3866919,,stub_page
,10.08.2021,,,,,,"Публичное акционерное общество ""Городские Инновационные Технологии""",3866921,,stub_page
,18.08.2021,,,,,,"Публичное акционерное общество ""Приборный завод ""ТЕНЗОР""",3868381,,stub_page
,18.08.2021,,,,,,"Акционерное общество ""Первый Московский приборостроительный завод им. В.А. Казакова""",3868410,,stub_page
,12.08.2021,,,,,,"Публичное акционерное общество ""Челябинский трубопрокатный завод""",3869311,,stub_page
,25.08.2021,,,,,,"Публичное акционерное общество ""Акрон""",3873912,,stub_page
,31.08.2021,,,,,,"Публичное акционерное общество ""Московская объединенная энергетическая компания""",3885469,,stub_page
,06.09.2021,,,,,,"Публичное акционерное общество ""Метафракс Кемикалс""",3916257,,stub_page
,25.08.2021,,,,,,"Открытое акционерное общество ""Тверской полиграфический комбинат""",3972401,,stub_page
,07.09.2021,,,,,,"Публичное акционерное общество ""Племзавод им. В.И. Чапаева""",4001953,,stub_page
,18.08.2021,,,,,,"Открытое акционерное общество ""Тверской экскаватор""",4002080,,stub_page
,13.09.2021,,,,,,"Публичное акционерное общество ""Авиационный комплекс им. С.В.Ильюшина""",4002611,,stub_page
,16.09.2021,,,,,,"Публичное акционерное общество ""Инвестиционный фонд ""Защита""",4003055,,stub_page
,14.09.2021,,,,,,"Открытое акционерное общество ""Белгородасбестоцемент""",4003552,,stub_page
,09.09.2021,,,,,,"Акционерное общество ""Коминефтегеофизика""",4004453,,stub_page
,17.09.2021,,,,,,"Публичное акционерное общество ""Первый Московский завод радиодеталей""",4008907,,stub_page
,22.09.2021,,,,,,Публичное акционерное общество им. С.М. Кирова,4010885,,stub_page
,01.10.2021,,,,,,"Открытое акционерное общество ""Заволжский завод гусеничных тягачей""",4014369,,stub_page
,27.08.2021,,,,,,"Публичное акционерное общество ""Восточный экспресс банк""",4015184,,stub_page
,22.10.2021,,,,,,"ПУБЛИЧНОЕ АКЦИОНЕРНОЕ ОБЩЕСТВО ""БАНК ""САНКТ-ПЕТЕРБУРГ""",4015625,,stub_page
,27.10.2021,,,,,,"Акционерное общество ""НОРД""",4015645,,stub_page
,21.09.2021,,,,,,"Акционерное общество ""Ямалтрансстрой""",4016248,,stub_page
,28.10.2021,,,,,,"Акционерное общество ""Газпром электрогаз""",4016520,,stub_page
,25.10.2021,,,,,,"Публичное акционерное общество ""Челябинская швейная фабрика ""Одежда""",4017868,,stub_page
,11.10.2021,,,,,,"публичное акционерное общество ""Химико-металлургический завод""",4018479,,stub_page
,08.11.2021,,,,,,"Публичное акционерное общество ""ПЕРМГРАЖДАНПРОЕКТ""",4019743,,stub_page
,09.11.2021,,,,,,"Публичное акционерное общество ""Можайское оптово-розничное предприятие""",4020352,,stub_page
,29.10.2021,,,,,,"Публичное акционерное общество ""Косогорский металлургический завод""",4021943,,stub_page
,27.10.2021,,,,,,"Акционерное общество ""Производственный комплекс ХК ЭЛЕКТРОЗАВОД""",4022528,,stub_page
,11.11.2021,,,,,,"Открытое акционерное общество ""Валерия""",4022586,,stub_page
,12.11.2021,,,,,,"Публичное акционерное общество ""Акрон""",4023390,,stub_page
,23.11.2021,,,,,,"Публичное акционерное общество ""Ракетно-космическая корпорация ""Энергия"" имени С.П. Королёва""",4026358,,stub_page
,15.11.2021,,,,,,"Публичное акционерное общество ""Винсадское""",4027333,,stub_page
,04.12.2021,,,,,,"Публичное акционерное общество ""Грязинский пищевой комбинат""",4027588,,stub_page
,25.11.2021,,,,,,"Публичное акционерное общество ""Земля-инвест""",4027811,,stub_page
,22.11.2021,,,,,,"Публичное акционерное общество ""Завод Промавтоматика""",4028252,,stub_page
,18.11.2021,,,,,,"Открытое акционерное общество ""ПРОМСТРОЙ""",4028854,,stub_page
,14.12.2021,,,,,,"Публичное акционерное общество ""Уралтрансстрой""",4029289,,stub_page
,08.12.2021,,,,,,"Публичное акционерное общество ""Орскнефтеоргсинтез""",4030091,,stub_page
,16.12.2021,,,,,,"Публичное акционерное общество ""Мобильные ТелеСистемы""",4031211,,stub_page
,20.12.2021,,,,,,ОТКРЫТАЯ КОМПАНИЯ С ОГРАНИЧЕННОЙ ОТВЕТСТВЕННОСТЬЮ СОФТЛАЙН ХОЛДИНГ ПиЭлСи,4035356,,stub_page
10.01.2022,30.12.2021,False,0010038523,0010038523,True,ОТКРЫТАЯ КОМПАНИЯ С ОГРАНИЧЕННОЙ ОТВЕТСТВЕННОСТЬЮ СОФТЛАЙН ХОЛДИНГ ПиЭлСи,ОТКРЫТАЯ КОМПАНИЯ С ОГРАНИЧЕННОЙ ОТВЕТСТВЕННОСТЬЮ СОФТЛАЙН ХОЛДИНГ ПиЭлСи,4035570,True,ok
12.01.2022,04.01.2022,False,0010038523,0010038523,True,ОТКРЫТАЯ КОМПАНИЯ С ОГРАНИЧЕННОЙ ОТВЕТСТВЕННОСТЬЮ СОФТЛАЙН ХОЛДИНГ ПиЭлСи,ОТКРЫТАЯ КОМПАНИЯ С ОГРАНИЧЕННОЙ ОТВЕТСТВЕННОСТЬЮ СОФТЛАЙН ХОЛДИНГ ПиЭлСи,4037760,True,ok
13.01.2022,10.01.2022,False,8902002522,6662054224,False,"Акционерное общество  ""Ямалтрансстрой""","Акционерное общество ""Научно-производственное предприятие ""Старт"" им. А.И. Яскина""",4038390,False,mismatch
13.01.2022,13.01.2022,True,7730044003,8902002522,False,"Акционерное общество ""Первый Московский приборостроительный завод им. В.А. Казакова""","Акционерное общество ""Ямалтрансстрой""",4038523,False,mismatch
13.01.2022,10.01.2022,False,3632000280,5019001871,False,"Публичное акционерное общество ""Восток""","Публичное акционерное общество ""Гофрон""",4038640,False,mismatch
17.01.2022,13.01.2022,False,6904000541,7730044003,False,"Открытое акционерное общество ""Тверской полиграфический комбинат""","Акционерное общество ""Первый Московский приборостроительный завод им. В.А. Казакова""",4039409,False,mismatch
17.01.2022,10.01.2022,False,7827003258,7721851353,False,"Открытое акционерное общество ""Санаторий ""Сестрорецкий курорт""","Публичное акционерное общество ""РИТМ-ФИНАНС""",4039722,False,mismatch
18.01.2022,10.01.2022,False,7817005295,0010038523,False,"Публичное акционерное общество ""Ижорские заводы""",ОТКРЫТАЯ КОМПАНИЯ С ОГРАНИЧЕННОЙ ОТВЕТСТВЕННОСТЬЮ СОФТЛАЙН ХОЛДИНГ ПиЭлСи,4039921,False,mismatch
18.01.2022,17.01.2022,False,0010038523,7817005295,False,ОТКРЫТАЯ КОМПАНИЯ С ОГРАНИЧЕННОЙ ОТВЕТСТВЕННОСТЬЮ СОФТЛАЙН ХОЛДИНГ ПиЭлСи,"Публичное акционерное общество ""Ижорские заводы""",4040133,False,mismatch
20.01.2022,17.01.2022,False,2310043294,0010038523,False,"Открытое акционерное общество ""Масложиркомбинат ""Краснодарский""",ОТКРЫТАЯ КОМПАНИЯ С ОГРАНИЧЕННОЙ ОТВЕТСТВЕННОСТЬЮ СОФТЛАЙН ХОЛДИНГ ПиЭлСи,4040706,False,mismatch
21.01.2022,17.01.2022,False,7703043089,7827003258,False,"Публичное акционерное общество ""Трехгорная мануфактура""","Открытое акционерное общество ""Санаторий ""Сестрорецкий курорт""",4041117,False,mismatch
24.01.2022,20.01.2022,False,4029030252,7708619320,False,"Публичное акционерное общество ""Калужская сбытовая компания""","Публичное акционерное общество ""Объединенная авиастроительная корпорация""",4041350,False,mismatch
24.01.2022,21.01.2022,False,8601013827,7703043089,False,"Акционерное общество ""Ханты-Мансийскдорстрой""","Публичное акционерное общество ""Трехгорная мануфактура""",4041396,False,mismatch
25.01.2022,19.01.2022,False,0010038523,2310043294,False,ОТКРЫТАЯ КОМПАНИЯ С ОГРАНИЧЕННОЙ ОТВЕТСТВЕННОСТЬЮ СОФТЛАЙН ХОЛДИНГ ПиЭлСи,"Открытое акционерное общество ""Масложиркомбинат ""Краснодарский""",4041684,False,mismatch
31.01.2022,24.01.2022,False,0010038523,0010038523,True,ОТКРЫТАЯ КОМПАНИЯ С ОГРАНИЧЕННОЙ ОТВЕТСТВЕННОСТЬЮ СОФТЛАЙН ХОЛДИНГ ПиЭлСи,ОТКРЫТАЯ КОМПАНИЯ С ОГРАНИЧЕННОЙ ОТВЕТСТВЕННОСТЬЮ СОФТЛАЙН ХОЛДИНГ ПиЭлСи,4043726,True,ok
04.02.2022,17.01.2022,False,2464003340,6904000541,False,"публичное акционерное общество ""Химико-металлургический завод""","Открытое акционерное общество ""Тверской полиграфический комбинат""",4045377,False,mismatch
07.02.2022,24.01.2022,False,5913001268,4029030252,False,"Публичное акционерное общество ""Метафракс Кемикалс""","Публичное акционерное общество ""Калужская сбытовая компания""",4046276,False,mismatch
08.02.2022,31.01.2022,False,0010038523,0010038523,True,ОТКРЫТАЯ КОМПАНИЯ С ОГРАНИЧЕННОЙ ОТВЕТСТВЕННОСТЬЮ СОФТЛАЙН ХОЛДИНГ ПиЭлСи,ОТКРЫТАЯ КОМПАНИЯ С ОГРАНИЧЕННОЙ ОТВЕТСТВЕННОСТЬЮ СОФТЛАЙН ХОЛДИНГ ПиЭлСи,4046351,True,ok
15.02.2022,07.02.2022,False,0010038523,0010038523,True,ОТКРЫТАЯ КОМПАНИЯ С ОГРАНИЧЕННОЙ ОТВЕТСТВЕННОСТЬЮ СОФТЛАЙН ХОЛДИНГ ПиЭлСи,ОТКРЫТАЯ КОМПАНИЯ С ОГРАНИЧЕННОЙ ОТВЕТСТВЕННОСТЬЮ СОФТЛАЙН ХОЛДИНГ ПиЭлСи,4048559,True,ok
15.02.2022,14.02.2022,False,2310043294,0010038523,False,"Открытое акционерное общество ""Масложиркомбинат ""Краснодарский""",ОТКРЫТАЯ КОМПАНИЯ С ОГРАНИЧЕННОЙ ОТВЕТСТВЕННОСТЬЮ СОФТЛАЙН ХОЛДИНГ ПиЭлСи,4048585,False,mismatch
16.02.2022,14.02.2022,False,4029030252,2310043294,False,"Публичное акционерное общество ""Калужская сбытовая компания""","Открытое акционерное общество ""Масложиркомбинат ""Краснодарский""",4049097,False,mismatch
17.02.2022,16.02.2022,False,5252000350,4029030252,False,"Публичное акционерное общество ""Павловский автобус""","Публичное акционерное общество ""Калужская сбытовая компания""",4049387,False,mismatch
21.02.2022,17.02.2022,False,2464003340,5252000350,False,"публичное акционерное общество ""Химико-металлургический завод""","Публичное акционерное общество ""Павловский автобус""",4050554,False,mismatch
21.02.2022,21.02.2022,True,3528079131,2464003340,False,"Публичное акционерное общество  ""СОЛЛЕРС Авто""","публичное акционерное общество ""Химико-металлургический завод""",4050741,False,mismatch
22.02.2022,18.02.2022,False,0010038523,3528079131,False,ОТКРЫТАЯ КОМПАНИЯ С ОГРАНИЧЕННОЙ ОТВЕТСТВЕННОСТЬЮ СОФТЛАЙН ХОЛДИНГ ПиЭлСи,"Публичное акционерное общество ""СОЛЛЕРС Авто""",4050799,False,mismatch
25.02.2022,24.01.2022,False,1660004878,8601013827,False,"Акционерное общество ""Казанский завод компрессорного машиностроения""","Акционерное общество ""Ханты-Мансийскдорстрой""",4051857,False,mismatch
25.02.2022,25.02.2022,True,0323053578,1660004878,False,"Акционерное общество ""Улан-Удэнское приборостроительное производственное объединение""","Акционерное общество ""Казанский завод компрессорного машиностроения""",4051887,False,mismatch
01.03.2022,21.02.2022,False,0010038523,0010038523,True,ОТКРЫТАЯ КОМПАНИЯ С ОГРАНИЧЕННОЙ ОТВЕТСТВЕННОСТЬЮ СОФТЛАЙН ХОЛДИНГ ПиЭлСи,ОТКРЫТАЯ КОМПАНИЯ С ОГРАНИЧЕННОЙ ОТВЕТСТВЕННОСТЬЮ СОФТЛАЙН ХОЛДИНГ ПиЭлСи,4052841,True,ok
05.03.2022,25.02.2022,False,6829012680,0323053578,False,"Публичное акционерное общество ""Квадра - Генерирующая компания""","Акционерное общество ""Улан-Удэнское приборостроительное производственное объединение""",4054592,False,mismatch
05.03.2022,28.02.2022,False,7718183890,0010038523,False,"Акционерное общество ""Производственный комплекс ХК ЭЛЕКТРОЗАВОД""",ОТКРЫТАЯ КОМПАНИЯ С ОГРАНИЧЕННОЙ ОТВЕТСТВЕННОСТЬЮ СОФТЛАЙН ХОЛДИНГ ПиЭлСи,4054649,False,mismatch
09.03.2022,05.03.2022,False,0010038523,7718183890,False,ОТКРЫТАЯ КОМПАНИЯ С ОГРАНИЧЕННОЙ ОТВЕТСТВЕННОСТЬЮ СОФТЛАЙН ХОЛДИНГ ПиЭлСи,"Акционерное общество ""Производственный комплекс ХК ЭЛЕКТРОЗАВОД""",4054799,False,mismatch
10.03.2022,04.02.2022,False,1102015174,2464003340,False,"Акционерное общество ""Коминефтегеофизика""","публичное акционерное общество ""Химико-металлургический завод""",4055470,False,mismatch
11.03.2022,07.03.2022,False,1660004878,0010038523,False,"Акционерное общество ""Казанский завод компрессорного машиностроения""",ОТКРЫТАЯ КОМПАНИЯ С ОГРАНИЧЕННОЙ ОТВЕТСТВЕННОСТЬЮ СОФТЛАЙН ХОЛДИНГ ПиЭлСи,4055675,False,mismatch
11.03.2022,07.02.2022,False,7708619320,5913001268,False,"Публичное акционерное общество ""Объединенная авиастроительная корпорация""","Публичное акционерное общество ""Метафракс Кемикалс""",4055977,False,mismatch
14.03.2022,05.03.2022,False,7534018889,6829012680,False,"Публичное акционерное общество ""Территориальная генерирующая компания № 14""","Публичное акционерное общество ""Квадра - Генерирующая компания""",4056123,False,mismatch
14.03.2022,10.03.2022,False,9703024202,1660004878,False,"Публичное акционерное общество Группа компаний ""Сегежа""","Акционерное общество ""Казанский завод компрессорного машиностроения""",4056323,False,mismatch
21.03.2022,10.03.2022,False,2354001982,1102015174,False,Публичное акционерное общество им. С.М. Кирова,"Акционерное общество ""Коминефтегеофизика""",4057964,False,mismatch
23.03.2022,14.03.2022,False,5001000066,9703024202,False,Публичное акционерное общество криогенного машиностроения,"Публичное акционерное общество Группа компаний ""Сегежа""",4058930,False,mismatch
25.03.2022,22.03.2022,False,5904000395,5001000066,False,"Публичное акционерное общество ""Пермская научно-производственная приборостроительная компания""",Публичное акционерное общество криогенного машиностроения,4059820,False,mismatch
06.04.2022,13.01.2022,False,7802001308,3632000280,False,"Публичное aкционерное общество ""Светлана""","Публичное акционерное общество ""Восток""",4062239,False,mismatch
06.04.2022,25.03.2022,False,7708619320,1660004878,False,"Публичное акционерное общество ""Объединенная авиастроительная корпорация""","Акционерное общество ""Казанский завод компрессорного машиностроения""",4062332,False,mismatch
06.04.2022,11.03.2022,False,7704484400,7708619320,False,"Акционерное общество ""ТрансКомплектХолдинг""","Публичное акционерное общество ""Объединенная авиастроительная корпорация""",4062406,False,mismatch
11.04.2022,05.04.2022,False,6164077483,7708619320,False,"Публичное акционерное общество """"ЭсЭфАй""","Публичное акционерное общество ""Объединенная авиастроительная корпорация""",4063537,False,mismatch
11.04.2022,08.04.2022,False,6608000453,6164077483,False,"Публичное акционерное общество ""Пневмостроймашина""","Публичное акционерное общество """"ЭсЭфАй""",4063586,False,mismatch
19.04.2022,14.03.2022,False,7601000086,7534018889,False,"Публичное акционерное общество ""Ярославский радиозавод""","Публичное акционерное общество ""Территориальная генерирующая компания № 14""",4066130,False,mismatch
19.04.2022,19.04.2022,True,7453014928,7601000086,False,"Публичное акционерное общество ""Научно-исследовательский институт по измерительной технике""","Публичное акционерное общество ""Ярославский радиозавод""",4066295,False,mismatch
26.04.2022,18.03.2022,False,7827003258,2354001982,False,"Открытое акционерное общество ""Санаторий ""Сестрорецкий курорт""",Публичное акционерное общество им. С.М. Кирова,4068604,False,mismatch
26.04.2022,06.04.2022,False,7728131587,7704484400,False,"акционерное общество ""РОСНАНО""","Акционерное общество ""ТрансКомплектХолдинг""",4068946,False,mismatch
05.05.2022,06.04.2022,False,9204017496,7802001308,False,"ПУБЛИЧНОЕ АКЦИОНЕРНОЕ ОБЩЕСТВО  ""АВТОТРАНСПОРТНОЕ ПРЕДПРИЯТИЕ 2606""","Публичное aкционерное общество ""Светлана""",4072512,False,mismatch
05.05.2022,04.05.2022,False,9203535745,9204017496,False,"ПУБЛИЧНОЕ АКЦИОНЕРНОЕ ОБЩЕСТВО ""СЕВАСТОПОЛЬСКОЕ АВТОТРАНСПОРТНОЕ ПРЕДПРИЯТИЕ 14369""","ПУБЛИЧНОЕ АКЦИОНЕРНОЕ ОБЩЕСТВО ""АВТОТРАНСПОРТНОЕ ПРЕДПРИЯТИЕ 2606""",4072841,False,mismatch
12.05.2022,19.04.2022,False,7831000147,7453014928,False,"Публичное акционерное общество ""Витабанк""","Публичное акционерное общество ""Научно-исследовательский институт по измерительной технике""",4074246,False,mismatch
12.05.2022,26.04.2022,False,8601013827,7827003258,False,"Акционерное общество ""Ханты-Мансийскдорстрой""","Открытое акционерное общество ""Санаторий ""Сестрорецкий курорт""",4074448,False,mismatch
13.05.2022,05.05.2022,False,4024002029,9203535745,False,"Публичное акционерное общество ""Агрегатный завод""","ПУБЛИЧНОЕ АКЦИОНЕРНОЕ ОБЩЕСТВО ""СЕВАСТОПОЛЬСКОЕ АВТОТРАНСПОРТНОЕ ПРЕДПРИЯТИЕ 14369""",4074790,False,mismatch
16.05.2022,11.04.2022,False,7716814300,6608000453,False,"Публичное акционерное общество ""Европейская Электротехника""","Публичное акционерное общество ""Пневмостроймашина""",4075373,False,mismatch
16.05.2022,16.05.2022,True,6627001318,7716814300,False,"Публичное акционерное общество ""Среднеуральский медеплавильный завод""","Публичное акционерное общество ""Европейская Электротехника""",4075507,False,mismatch
20.05.2022,12.05.2022,False,7714005350,7831000147,False,"Публичное акционерное общество Научно-производственное объединение ""Наука""","Публичное акционерное общество ""Витабанк""",4077792,False,mismatch
30.05.2022,13.05.2022,False,6106001076,4024002029,False,"Публичное акционерное общество ""Шахаевское""","Публичное акционерное общество ""Агрегатный завод""",4081857,False,mismatch
02.06.2022,16.05.2022,False,7708619320,6627001318,False,"Публичное акционерное общество ""Объединенная авиастроительная корпорация""","Публичное акционерное общество ""Среднеуральский медеплавильный завод""",4083737,False,mismatch
03.06.2022,11.05.2022,False,3632000280,8601013827,False,"Публичное акционерное общество ""Восток""","Акционерное общество ""Ханты-Мансийскдорстрой""",4084075,False,mismatch
06.06.2022,30.05.2022,False,6659001494,6106001076,False,"Публичное акционерное общество ""Уралтрансстрой""","Публичное акционерное общество ""Шахаевское""",4084465,False,mismatch
06.06.2022,06.06.2022,True,5053013700,6659001494,False,"Публичное акционерное общество ""Управление механизации №63""","Публичное акционерное общество ""Уралтрансстрой""",4084802,False,mismatch
07.06.2022,03.06.2022,False,5019001871,3632000280,False,"Публичное акционерное общество ""Гофрон""","Публичное акционерное общество ""Восток""",4085318,False,mismatch
21.06.2022,20.05.2022,False,7730060164,7714005350,False,Публичное акционерное общество РОСБАНК,"Публичное акционерное общество Научно-производственное объединение ""Наука""",4089264,False,mismatch
28.06.2022,01.06.2022,False,7817005295,7708619320,False,"Публичное акционерное общество ""Ижорские заводы""","Публичное акционерное общество ""Объединенная авиастроительная корпорация""",4091849,False,mismatch
30.06.2022,06.06.2022,False,2301010479,5019001871,False,"Публичное акционерное общество ""Санаторий ""Маяк""","Публичное акционерное общество ""Гофрон""",4093483,False,mismatch
01.07.2022,27.06.2022,False,2460066195,7817005295,False,"Публичное акционерное общество ""Федеральная гидрогенерирующая компания - РусГидро""","Публичное акционерное общество ""Ижорские заводы""",4094607,False,mismatch
01.07.2022,06.06.2022,False,7202002839,5053013700,False,"Публичное акционерное общество ""Тюменнефтекомплектсервис""","Публичное акционерное общество ""Управление механизации №63""",4094764,False,mismatch
04.07.2022,25.04.2022,False,7730183529,7728131587,False,"Публичное акционерное общество ""Группа компаний коммунальной сферы""","акционерное общество ""РОСНАНО""",4095573,False,mismatch
04.07.2022,04.07.2022,True,5913001268,7730183529,False,"Публичное акционерное общество ""Метафракс Кемикалс""","Публичное акционерное общество ""Группа компаний коммунальной сферы""",4095713,False,mismatch
05.07.2022,01.07.2022,False,7817005295,5913001268,False,"Публичное акционерное общество ""Ижорские заводы""","Публичное акционерное общество ""Метафракс Кемикалс""",4096568,False,mismatch
05.07.2022,04.07.2022,False,7817005295,7817005295,True,"Публичное акционерное общество ""Ижорские заводы""","Публичное акционерное общество ""Ижорские заводы""",4096593,True,ok
06.07.2022,01.07.2022,False,7430000076,7202002839,False,"Публичное акционерное общество ""Коелгамрамор""","Публичное акционерное общество ""Тюменнефтекомплектсервис""",4097020,False,mismatch
12.07.2022,05.07.2022,False,2351004520,7430000076,False,"Публичное акционерное общество ""Марьинское""","Публичное акционерное общество ""Коелгамрамор""",4098615,False,mismatch
14.07.2022,30.06.2022,False,5028003089,2301010479,False,"Публичное акционерное общество ""Можайское оптово-розничное предприятие""","Публичное акционерное общество ""Санаторий ""Маяк""",4099185,False,mismatch
14.07.2022,01.07.2022,False,2320109650,2460066195,False,"Публичное акционерное общество ""Интер РАО ЕЭС""","Публичное акционерное общество ""Федеральная гидрогенерирующая компания - РусГидро""",4099323,False,mismatch
15.07.2022,11.07.2022,False,6911003670,2351004520,False,"Акционерное общество ""Агрофирма Дмитрова Гора""","Публичное акционерное общество ""Марьинское""",4099467,False,mismatch
15.07.2022,15.07.2022,True,9102060213,6911003670,False,"ПУБЛИЧНОЕ АКЦИОНЕРНОЕ ОБЩЕСТВО ""СИМФЕРОПОЛЬСКИЙ ОПТОВО-РОЗНИЧНЫЙ ПЛОДООВОЩНОЙ КОМБИНАТ""","Акционерное общество ""Агрофирма Дмитрова Гора""",4099572,False,mismatch
19.07.2022,14.07.2022,False,2320109650,2320109650,True,"Публичное акционерное общество ""Интер РАО ЕЭС""","Публичное акционерное общество ""Интер РАО ЕЭС""",4100398,True,ok
22.07.2022,14.07.2022,False,6829012680,5028003089,False,"Публичное акционерное общество ""Квадра - Генерирующая компания""","Публичное акционерное общество ""Можайское оптово-розничное предприятие""",4101156,False,mismatch
22.07.2022,19.07.2022,False,2320109650,2320109650,True,"Публичное акционерное общество ""Интер РАО ЕЭС""","Публичное акционерное общество ""Интер РАО ЕЭС""",4101256,True,ok
26.07.2022,22.07.2022,False,2320109650,2320109650,True,"Публичное акционерное общество ""Интер РАО ЕЭС""","Публичное акционерное общество ""Интер РАО ЕЭС""",4101960,True,ok
29.07.2022,04.07.2022,False,7720005220,7817005295,False,"Публичное акционерное общество""Перовский комбинат строительных материалов""","Публичное акционерное общество ""Ижорские заводы""",4102961,False,mismatch
01.08.2022,29.07.2022,False,7715008441,7720005220,False,"Публичное акционерное общество ""Бескудниковский комбинат строительных материалов""","Публичное акционерное общество""Перовский комбинат строительных материалов""",4103307,False,mismatch
01.08.2022,26.07.2022,False,2320109650,2320109650,True,"Публичное акционерное общество ""Интер РАО ЕЭС""","Публичное акционерное общество ""Интер РАО ЕЭС""",4103381,True,ok
02.08.2022,01.08.2022,False,2320109650,2320109650,True,"Публичное акционерное общество ""Интер РАО ЕЭС""","Публичное акционерное общество ""Интер РАО ЕЭС""",4103805,True,ok
04.08.2022,02.08.2022,False,2320109650,2320109650,True,"Публичное акционерное общество ""Интер РАО ЕЭС""","Публичное акционерное общество ""Интер РАО ЕЭС""",4104181,True,ok
04.08.2022,03.08.2022,False,2320109650,2320109650,True,"Публичное акционерное общество ""Интер РАО ЕЭС""","Публичное акционерное общество ""Интер РАО ЕЭС""",4104342,True,ok
08.08.2022,04.08.2022,False,2320109650,2320109650,True,"Публичное акционерное общество ""Интер РАО ЕЭС""","Публичное акционерное общество ""Интер РАО ЕЭС""",4104961,True,ok
16.08.2022,08.08.2022,False,2320109650,2320109650,True,"Публичное акционерное общество ""Интер РАО ЕЭС""","Публичное акционерное общество ""Интер РАО ЕЭС""",4107077,True,ok
18.08.2022,16.08.2022,False,0250005763,2320109650,False,"Открытое акционерное общество ""Чишминский сахарный завод""","Публичное акционерное общество ""Интер РАО ЕЭС""",4107630,False,mismatch
23.08.2022,23.08.2022,True,7720005220,7715008441,False,"Публичное акционерное общество""Перовский комбинат строительных материалов""","Публичное акционерное общество ""Бескудниковский комбинат строительных материалов""",4108549,False,mismatch
23.08.2022,18.08.2022,False,7715008441,0250005763,False,"Публичное акционерное общество ""Бескудниковский комбинат строительных материалов""","Открытое акционерное общество ""Чишминский сахарный завод""",4108551,False,mismatch
25.08.2022,22.07.2022,False,9204017496,6829012680,False,"ПУБЛИЧНОЕ АКЦИОНЕРНОЕ ОБЩЕСТВО  ""АВТОТРАНСПОРТНОЕ ПРЕДПРИЯТИЕ 2606""","Публичное акционерное общество ""Квадра - Генерирующая компания""",4109239,False,mismatch
26.08.2022,21.06.2022,False,4205001274,7730060164,False,"Публичное акционерное общество ""Кокс""",Публичное акционерное общество РОСБАНК,4109332,False,mismatch
02.09.2022,15.07.2022,False,5256003955,9102060213,False,"Публичное акционерное общество ""ГОТХ""","ПУБЛИЧНОЕ АКЦИОНЕРНОЕ ОБЩЕСТВО ""СИМФЕРОПОЛЬСКИЙ ОПТОВО-РОЗНИЧНЫЙ ПЛОДООВОЩНОЙ КОМБИНАТ""",4111097,False,mismatch
05.09.2022,25.08.2022,False,6320004710,4205001274,False,Публичное акционерное общество Трансаммиак,"Публичное акционерное общество ""Кокс""",4111365,False,mismatch
05.09.2022,05.09.2022,True,6608005109,6320004710,False,"Публичное акционерное общество ""Екатеринбургский муниципальный банк""",Публичное акционерное общество Трансаммиак,4111374,False,mismatch
05.09.2022,23.08.2022,False,6168002922,7720005220,False,"Публичное акционерное общество ""ТНС энерго Ростов-на-Дону""","Публичное акционерное общество""Перовский комбинат строительных материалов""",4111570,False,mismatch
09.09.2022,25.08.2022,False,7831000147,9204017496,False,"Публичное акционерное общество ""Витабанк""","ПУБЛИЧНОЕ АКЦИОНЕРНОЕ ОБЩЕСТВО ""АВТОТРАНСПОРТНОЕ ПРЕДПРИЯТИЕ 2606""",4112489,False,mismatch
12.09.2022,01.09.2022,False,4003003825,5256003955,False,"Публичное акционерное общество Агропромышленная фирма ""Кривское""","Публичное акционерное общество ""ГОТХ""",4112687,False,mismatch
12.09.2022,05.09.2022,False,7817005295,6168002922,False,"Публичное акционерное общество ""Ижорские заводы""","Публичное акционерное общество ""ТНС энерго Ростов-на-Дону""",4112763,False,mismatch
13.09.2022,09.09.2022,False,1826000616,7817005295,False,"Акционерное общество ""Ижевский мотозавод ""Аксион-холдинг""","Публичное акционерное общество ""Ижорские заводы""",4113012,False,mismatch
14.09.2022,09.09.2022,False,7802001308,7831000147,False,"Публичное aкционерное общество ""Светлана""","Публичное акционерное общество ""Витабанк""",4113381,False,mismatch
15.09.2022,12.09.2022,False,2460066195,1826000616,False,"Публичное акционерное общество ""Федеральная гидрогенерирующая компания - РусГидро""","Акционерное общество ""Ижевский мотозавод ""Аксион-холдинг""",4113644,False,mismatch
15.09.2022,01.08.2022,False,4909047613,7715008441,False,"Публичное акционерное общество ""Магаданский морской торговый порт""","Публичное акционерное общество ""Бескудниковский комбинат строительных материалов""",4113887,False,mismatch
20.09.2022,14.09.2022,False,6315376946,2460066195,False,"Публичное акционерное общество ""Т Плюс""","Публичное акционерное общество ""Федеральная гидрогенерирующая компания - РусГидро""",4114694,False,mismatch
21.09.2022,19.09.2022,False,6664006956,6315376946,False,"Публичное акционерное общество ""Завод керамических изделий""","Публичное акционерное общество ""Т Плюс""",4114995,False,mismatch
21.09.2022,20.09.2022,False,2330025991,6664006956,False,"Публичное акционерное общество ""Племзавод им. В.И. Чапаева""","Публичное акционерное общество ""Завод керамических изделий""",4115016,False,mismatch
22.09.2022,14.09.2022,False,6659001494,7802001308,False,"Публичное акционерное общество ""Уралтрансстрой""","Публичное aкционерное общество ""Светлана""",4115351,False,mismatch
22.09.2022,22.09.2022,True,5053013700,6659001494,False,"Публичное акционерное общество ""Управление механизации №63""","Публичное акционерное общество ""Уралтрансстрой""",4115438,False,mismatch
26.09.2022,20.09.2022,False,2320109650,2330025991,False,"Публичное акционерное общество ""Интер РАО ЕЭС""","Публичное акционерное общество ""Племзавод им. В.И. Чапаева""",4116165,False,mismatch
04.10.2022,09.09.2022,False,7204660270,4003003825,False,"Публичное акционерное общество Деревообрабатывающий комбинат ""Красный Октябрь""","Публичное акционерное общество Агропромышленная фирма ""Кривское""",4118545,False,mismatch
06.10.2022,26.09.2022,False,2320109650,2320109650,True,"Публичное акционерное общество ""Интер РАО ЕЭС""","Публичное акционерное общество ""Интер РАО ЕЭС""",4119392,True,ok
07.10.2022,06.10.2022,False,3327101115,2320109650,False,"Публичное акционерное общество Владимирский завод прецизионного оборудования ""Техника""","Публичное акционерное общество ""Интер РАО ЕЭС""",4119576,False,mismatch
10.10.2022,06.10.2022,False,2320109650,3327101115,False,"Публичное акционерное общество ""Интер РАО ЕЭС""","Публичное акционерное общество Владимирский завод прецизионного оборудования ""Техника""",4120088,False,mismatch
12.10.2022,05.09.2022,False,6509000854,6608005109,False,"Открытое акционерное общество ""Сахалинское морское пароходство""","Публичное акционерное общество ""Екатеринбургский муниципальный банк""",4120519,False,mismatch
13.10.2022,10.10.2022,False,4029030252,2320109650,False,"Публичное акционерное общество ""Калужская сбытовая компания""","Публичное акционерное общество ""Интер РАО ЕЭС""",4120907,False,mismatch
13.10.2022,13.10.2022,True,2320109650,4029030252,False,"Публичное акционерное общество ""Интер РАО ЕЭС""","Публичное акционерное общество ""Калужская сбытовая компания""",4120990,False,mismatch
14.10.2022,13.10.2022,False,7702045051,2320109650,False,"Публичное акционерное общество ""МТС-Банк""","Публичное акционерное общество ""Интер РАО ЕЭС""",4121304,False,mismatch
18.10.2022,22.09.2022,False,4024002029,5053013700,False,"Публичное акционерное общество ""Агрегатный завод""","Публичное акционерное общество ""Управление механизации №63""",4121945,False,mismatch
19.10.2022,03.10.2022,False,8601013827,7204660270,False,"Акционерное общество ""Ханты-Мансийскдорстрой""","Публичное акционерное общество Деревообрабатывающий комбинат ""Красный Октябрь""",4122362,False,mismatch
20.10.2022,19.10.2022,False,3443009921,8601013827,False,"Публичное акционерное общество ""Международный аэропорт Волгоград""","Акционерное общество ""Ханты-Мансийскдорстрой""",4122667,False,mismatch
24.10.2022,14.10.2022,False,2320109650,7702045051,False,"Публичное акционерное общество ""Интер РАО ЕЭС""","Публичное акционерное общество ""МТС-Банк""",4123380,False,mismatch
25.10.2022,25.10.2022,True,5904000395,5904000395,True,"Публичное акционерное общество ""Пермская научно-производственная приборостроительная компания""","Публичное акционерное общество ""Пермская научно-производственная приборостроительная компания""",4123502,True,ok
25.10.2022,24.10.2022,False,5904000395,2320109650,False,"Публичное акционерное общество ""Пермская научно-производственная приборостроительная компания""","Публичное акционерное общество ""Интер РАО ЕЭС""",4123504,False,mismatch
25.10.2022,25.10.2022,True,2320109650,5904000395,False,"Публичное акционерное общество ""Интер РАО ЕЭС""","Публичное акционерное общество ""Пермская научно-производственная приборостроительная компания""",4123741,False,mismatch
26.10.2022,25.10.2022,False,7725043886,2320109650,False,"Публичное акционерное общество ""Завод имени И.А. Лихачева""","Публичное акционерное общество ""Интер РАО ЕЭС""",4124061,False,mismatch
27.10.2022,15.09.2022,False,7831000027,4909047613,False,"ПУБЛИЧНОЕ АКЦИОНЕРНОЕ ОБЩЕСТВО ""БАНК ""САНКТ-ПЕТЕРБУРГ""","Публичное акционерное общество ""Магаданский морской торговый порт""",4124461,False,mismatch
28.10.2022,11.10.2022,False,7708009405,6509000854,False,"Публичное акционерное общество ""Центротранстехмонтаж""","Открытое акционерное общество ""Сахалинское морское пароходство""",4124754,False,mismatch
08.11.2022,28.10.2022,False,7610015674,7708009405,False,"Акционерное общество ""Судостроительный завод ""Вымпел""","Публичное акционерное общество ""Центротранстехмонтаж""",4126742,False,mismatch
10.11.2022,25.10.2022,False,7720015691,7725043886,False,"Акционерное общество ""Опытное конструкторское бюро ""Кристалл""","Публичное акционерное общество ""Завод имени И.А. Лихачева""",4127628,False,mismatch
14.11.2022,18.10.2022,False,2351004520,4024002029,False,"Публичное акционерное общество ""Марьинское""","Публичное акционерное общество ""Агрегатный завод""",4128333,False,mismatch
16.11.2022,07.11.2022,False,3818000687,7610015674,False,"Акционерное общество ""Осетровский речной порт""","Акционерное общество ""Судостроительный завод ""Вымпел""",4128822,False,mismatch
17.11.2022,27.10.2022,False,1215005177,7831000027,False,"Публичное акционерное общество ""Земля-инвест""","ПУБЛИЧНОЕ АКЦИОНЕРНОЕ ОБЩЕСТВО ""БАНК ""САНКТ-ПЕТЕРБУРГ""",4129193,False,mismatch
17.11.2022,16.11.2022,False,5508000306,3818000687,False,"Публичное Акционерное Общество ""Иртышское пароходство""","Акционерное общество ""Осетровский речной порт""",4129224,False,mismatch
21.11.2022,20.10.2022,False,7730060164,3443009921,False,Публичное акционерное общество РОСБАНК,"Публичное акционерное общество ""Международный аэропорт Волгоград""",4130056,False,mismatch
21.11.2022,17.11.2022,False,7730060164,5508000306,False,Публичное акционерное общество РОСБАНК,"Публичное Акционерное Общество ""Иртышское пароходство""",4130075,False,mismatch
22.11.2022,22.09.2022,False,1660004878,6659001494,False,"Акционерное общество ""Казанский завод компрессорного машиностроения""","Публичное акционерное общество ""Уралтрансстрой""",4130199,False,mismatch
24.11.2022,10.11.2022,False,7831000027,7720015691,False,"ПУБЛИЧНОЕ АКЦИОНЕРНОЕ ОБЩЕСТВО ""БАНК ""САНКТ-ПЕТЕРБУРГ""","Акционерное общество ""Опытное конструкторское бюро ""Кристалл""",4130934,False,mismatch
25.11.2022,24.11.2022,False,7831000027,7831000027,True,"ПУБЛИЧНОЕ АКЦИОНЕРНОЕ ОБЩЕСТВО ""БАНК ""САНКТ-ПЕТЕРБУРГ""","ПУБЛИЧНОЕ АКЦИОНЕРНОЕ ОБЩЕСТВО ""БАНК ""САНКТ-ПЕТЕРБУРГ""",4131322,True,ok
28.11.2022,25.11.2022,False,7831000027,7831000027,True,"ПУБЛИЧНОЕ АКЦИОНЕРНОЕ ОБЩЕСТВО ""БАНК ""САНКТ-ПЕТЕРБУРГ""","ПУБЛИЧНОЕ АКЦИОНЕРНОЕ ОБЩЕСТВО ""БАНК ""САНКТ-ПЕТЕРБУРГ""",4131766,True,ok
29.11.2022,21.11.2022,False,5046005770,7730060164,False,"Акционерное общество ""Троицкая камвольная фабрика""",Публичное акционерное общество РОСБАНК,4132134,False,mismatch
29.11.2022,28.11.2022,False,7831000027,7831000027,True,"ПУБЛИЧНОЕ АКЦИОНЕРНОЕ ОБЩЕСТВО ""БАНК ""САНКТ-ПЕТЕРБУРГ""","ПУБЛИЧНОЕ АКЦИОНЕРНОЕ ОБЩЕСТВО ""БАНК ""САНКТ-ПЕТЕРБУРГ""",4132151,True,ok
30.11.2022,28.11.2022,False,5100000010,5046005770,False,"ПУБЛИЧНОЕ АКЦИОНЕРНОЕ ОБЩЕСТВО ""МУРМАНСКИЙ ТРАЛОВЫЙ ФЛОТ""","Акционерное общество ""Троицкая камвольная фабрика""",4132429,False,mismatch
30.11.2022,21.11.2022,False,5100000010,7730060164,False,"ПУБЛИЧНОЕ АКЦИОНЕРНОЕ ОБЩЕСТВО ""МУРМАНСКИЙ ТРАЛОВЫЙ ФЛОТ""",Публичное акционерное общество РОСБАНК,4132453,False,mismatch
30.11.2022,29.11.2022,False,7831000027,7831000027,True,"ПУБЛИЧНОЕ АКЦИОНЕРНОЕ ОБЩЕСТВО ""БАНК ""САНКТ-ПЕТЕРБУРГ""","ПУБЛИЧНОЕ АКЦИОНЕРНОЕ ОБЩЕСТВО ""БАНК ""САНКТ-ПЕТЕРБУРГ""",4132567,True,ok
30.11.2022,30.11.2022,True,4716016979,7831000027,False,"Публичное акционерное общество ""Федеральная сетевая компания - Россети""","ПУБЛИЧНОЕ АКЦИОНЕРНОЕ ОБЩЕСТВО ""БАНК ""САНКТ-ПЕТЕРБУРГ""",4132583,False,mismatch
30.11.2022,29.11.2022,False,7728662669,4716016979,False,"Публичное акционерное общество ""Российские сети""","Публичное акционерное общество ""Федеральная сетевая компания - Россети""",4132587,False,mismatch
01.12.2022,29.11.2022,False,7831000027,7728662669,False,"ПУБЛИЧНОЕ АКЦИОНЕРНОЕ ОБЩЕСТВО ""БАНК ""САНКТ-ПЕТЕРБУРГ""","Публичное акционерное общество ""Российские сети""",4132812,False,mismatch
01.12.2022,01.12.2022,True,5615002700,7831000027,False,"Публичное акционерное общество ""Орскнефтеоргсинтез""","ПУБЛИЧНОЕ АКЦИОНЕРНОЕ ОБЩЕСТВО ""БАНК ""САНКТ-ПЕТЕРБУРГ""",4132855,False,mismatch
01.12.2022,29.11.2022,False,5032000228,5100000010,False,"Публичное акционерное общество ""Голицынская птицефабрика""","ПУБЛИЧНОЕ АКЦИОНЕРНОЕ ОБЩЕСТВО ""МУРМАНСКИЙ ТРАЛОВЫЙ ФЛОТ""",4132957,False,mismatch
01.12.2022,01.12.2022,True,5029014809,5032000228,False,"Публичное акционерное общество ""Краснополянская птицефабрика""","Публичное акционерное общество ""Голицынская птицефабрика""",4133081,False,mismatch
02.12.2022,01.12.2022,False,7831000027,5615002700,False,"ПУБЛИЧНОЕ АКЦИОНЕРНОЕ ОБЩЕСТВО ""БАНК ""САНКТ-ПЕТЕРБУРГ""","Публичное акционерное общество ""Орскнефтеоргсинтез""",4133276,False,mismatch
05.12.2022,02.12.2022,False,7831000027,7831000027,True,"ПУБЛИЧНОЕ АКЦИОНЕРНОЕ ОБЩЕСТВО ""БАНК ""САНКТ-ПЕТЕРБУРГ""","ПУБЛИЧНОЕ АКЦИОНЕРНОЕ ОБЩЕСТВО ""БАНК ""САНКТ-ПЕТЕРБУРГ""",4133539,True,ok
06.12.2022,05.12.2022,False,7831000027,7831000027,True,"ПУБЛИЧНОЕ АКЦИОНЕРНОЕ ОБЩЕСТВО ""БАНК ""САНКТ-ПЕТЕРБУРГ""","ПУБЛИЧНОЕ АКЦИОНЕРНОЕ ОБЩЕСТВО ""БАНК ""САНКТ-ПЕТЕРБУРГ""",4133938,True,ok
07.12.2022,06.12.2022,False,7831000027,7831000027,True,"ПУБЛИЧНОЕ АКЦИОНЕРНОЕ ОБЩЕСТВО ""БАНК ""САНКТ-ПЕТЕРБУРГ""","ПУБЛИЧНОЕ АКЦИОНЕРНОЕ ОБЩЕСТВО ""БАНК ""САНКТ-ПЕТЕРБУРГ""",4134385,True,ok
08.12.2022,07.12.2022,False,7831000027,7831000027,True,"ПУБЛИЧНОЕ АКЦИОНЕРНОЕ ОБЩЕСТВО ""БАНК ""САНКТ-ПЕТЕРБУРГ""","ПУБЛИЧНОЕ АКЦИОНЕРНОЕ ОБЩЕСТВО ""БАНК ""САНКТ-ПЕТЕРБУРГ""",4134644,True,ok
08.12.2022,08.12.2022,True,2320109650,7831000027,False,"Публичное акционерное общество ""Интер РАО ЕЭС""","ПУБЛИЧНОЕ АКЦИОНЕРНОЕ ОБЩЕСТВО ""БАНК ""САНКТ-ПЕТЕРБУРГ""",4134782,False,mismatch
09.12.2022,08.12.2022,False,7831000027,2320109650,False,"ПУБЛИЧНОЕ АКЦИОНЕРНОЕ ОБЩЕСТВО ""БАНК ""САНКТ-ПЕТЕРБУРГ""","Публичное акционерное общество ""Интер РАО ЕЭС""",4134953,False,mismatch
12.12.2022,09.12.2022,False,7831000027,7831000027,True,"ПУБЛИЧНОЕ АКЦИОНЕРНОЕ ОБЩЕСТВО ""БАНК ""САНКТ-ПЕТЕРБУРГ""","ПУБЛИЧНОЕ АКЦИОНЕРНОЕ ОБЩЕСТВО ""БАНК ""САНКТ-ПЕТЕРБУРГ""",4135260,True,ok
12.12.2022,12.12.2022,True,2320109650,7831000027,False,"Публичное акционерное общество ""Интер РАО ЕЭС""","ПУБЛИЧНОЕ АКЦИОНЕРНОЕ ОБЩЕСТВО ""БАНК ""САНКТ-ПЕТЕРБУРГ""",4135422,False,mismatch
13.12.2022,12.12.2022,False,7831000027,2320109650,False,"ПУБЛИЧНОЕ АКЦИОНЕРНОЕ ОБЩЕСТВО ""БАНК ""САНКТ-ПЕТЕРБУРГ""","Публичное акционерное общество ""Интер РАО ЕЭС""",4135607,False,mismatch
14.12.2022,13.12.2022,False,7831000027,7831000027,True,"ПУБЛИЧНОЕ АКЦИОНЕРНОЕ ОБЩЕСТВО ""БАНК ""САНКТ-ПЕТЕРБУРГ""","ПУБЛИЧНОЕ АКЦИОНЕРНОЕ ОБЩЕСТВО ""БАНК ""САНКТ-ПЕТЕРБУРГ""",4135978,True,ok
14.12.2022,30.11.2022,False,6168002922,5100000010,False,"Публичное акционерное общество ""ТНС энерго Ростов-на-Дону""","ПУБЛИЧНОЕ АКЦИОНЕРНОЕ ОБЩЕСТВО ""МУРМАНСКИЙ ТРАЛОВЫЙ ФЛОТ""",4136224,False,mismatch
15.12.2022,14.11.2022,False,7202002839,2351004520,False,"Публичное акционерное общество ""Тюменнефтекомплектсервис""","Публичное акционерное общество ""Марьинское""",4136304,False,mismatch
15.12.2022,21.11.2022,False,6106001076,1660004878,False,"Публичное акционерное общество ""Шахаевское""","Акционерное общество ""Казанский завод компрессорного машиностроения""",4136359,False,mismatch
15.12.2022,14.12.2022,False,7831000027,7831000027,True,"ПУБЛИЧНОЕ АКЦИОНЕРНОЕ ОБЩЕСТВО ""БАНК ""САНКТ-ПЕТЕРБУРГ""","ПУБЛИЧНОЕ АКЦИОНЕРНОЕ ОБЩЕСТВО ""БАНК ""САНКТ-ПЕТЕРБУРГ""",4136367,True,ok
15.12.2022,15.12.2022,True,6106001076,7202002839,False,"Публичное акционерное общество ""Шахаевское""","Публичное акционерное общество ""Тюменнефтекомплектсервис""",4136418,False,mismatch
15.12.2022,14.12.2022,False,2308119595,6168002922,False,"Публичное акционерное общество ""ТНС энерго Кубань""","Публичное акционерное общество ""ТНС энерго Ростов-на-Дону""",4136563,False,mismatch
16.12.2022,15.12.2022,False,7831000027,7831000027,True,"ПУБЛИЧНОЕ АКЦИОНЕРНОЕ ОБЩЕСТВО ""БАНК ""САНКТ-ПЕТЕРБУРГ""","ПУБЛИЧНОЕ АКЦИОНЕРНОЕ ОБЩЕСТВО ""БАНК ""САНКТ-ПЕТЕРБУРГ""",4136824,True,ok
19.12.2022,16.12.2022,False,7831000027,7831000027,True,"ПУБЛИЧНОЕ АКЦИОНЕРНОЕ ОБЩЕСТВО ""БАНК ""САНКТ-ПЕТЕРБУРГ""","ПУБЛИЧНОЕ АКЦИОНЕРНОЕ ОБЩЕСТВО ""БАНК ""САНКТ-ПЕТЕРБУРГ""",4137233,True,ok
20.12.2022,19.12.2022,False,7831000027,7831000027,True,"ПУБЛИЧНОЕ АКЦИОНЕРНОЕ ОБЩЕСТВО ""БАНК ""САНКТ-ПЕТЕРБУРГ""","ПУБЛИЧНОЕ АКЦИОНЕРНОЕ ОБЩЕСТВО ""БАНК ""САНКТ-ПЕТЕРБУРГ""",4137746,True,ok
20.12.2022,20.12.2022,True,6320005915,7831000027,False,"Публичное  акционерное общество ""КуйбышевАзот""","ПУБЛИЧНОЕ АКЦИОНЕРНОЕ ОБЩЕСТВО ""БАНК ""САНКТ-ПЕТЕРБУРГ""",4137760,False,mismatch
21.12.2022,20.12.2022,False,7831000027,6320005915,False,"ПУБЛИЧНОЕ АКЦИОНЕРНОЕ ОБЩЕСТВО ""БАНК ""САНКТ-ПЕТЕРБУРГ""","Публичное акционерное общество ""КуйбышевАзот""",4138151,False,mismatch
22.12.2022,21.12.2022,False,7831000027,7831000027,True,"ПУБЛИЧНОЕ АКЦИОНЕРНОЕ ОБЩЕСТВО ""БАНК ""САНКТ-ПЕТЕРБУРГ""","ПУБЛИЧНОЕ АКЦИОНЕРНОЕ ОБЩЕСТВО ""БАНК ""САНКТ-ПЕТЕРБУРГ""",4138514,True,ok
22.12.2022,22.12.2022,True,6315222985,7831000027,False,"Публичное акционерное общество энергетики и электрификации ""Самараэнерго""","ПУБЛИЧНОЕ АКЦИОНЕРНОЕ ОБЩЕСТВО ""БАНК ""САНКТ-ПЕТЕРБУРГ""",4138570,False,mismatch
22.12.2022,15.12.2022,False,9102060213,6106001076,False,"ПУБЛИЧНОЕ АКЦИОНЕРНОЕ ОБЩЕСТВО ""СИМФЕРОПОЛЬСКИЙ ОПТОВО-РОЗНИЧНЫЙ ПЛОДООВОЩНОЙ КОМБИНАТ""","Публичное акционерное общество ""Шахаевское""",4138784,False,mismatch
23.12.2022,01.12.2022,False,7447008002,5029014809,False,"Публичное акционерное общество ""Челябинский трикотаж""","Публичное акционерное общество ""Краснополянская птицефабрика""",4138916,False,mismatch
23.12.2022,22.12.2022,False,7831000027,6315222985,False,"ПУБЛИЧНОЕ АКЦИОНЕРНОЕ ОБЩЕСТВО ""БАНК ""САНКТ-ПЕТЕРБУРГ""","Публичное акционерное общество энергетики и электрификации ""Самараэнерго""",4138931,False,mismatch
26.12.2022,23.12.2022,False,7831000027,7831000027,True,"ПУБЛИЧНОЕ АКЦИОНЕРНОЕ ОБЩЕСТВО ""БАНК ""САНКТ-ПЕТЕРБУРГ""","ПУБЛИЧНОЕ АКЦИОНЕРНОЕ ОБЩЕСТВО ""БАНК ""САНКТ-ПЕТЕРБУРГ""",4139379,True,ok
26.12.2022,15.12.2022,False,7701107668,2308119595,False,"Открытое акционерное общество ""Водстрой""","Публичное акционерное общество ""ТНС энерго Кубань""",4139706,False,mismatch
28.12.2022,26.12.2022,False,7831000027,7831000027,True,"ПУБЛИЧНОЕ АКЦИОНЕРНОЕ ОБЩЕСТВО ""БАНК ""САНКТ-ПЕТЕРБУРГ""","ПУБЛИЧНОЕ АКЦИОНЕРНОЕ ОБЩЕСТВО ""БАНК ""САНКТ-ПЕТЕРБУРГ""",4140346,True,ok
29.12.2022,28.12.2022,False,7831000027,7831000027,True,"ПУБЛИЧНОЕ АКЦИОНЕРНОЕ ОБЩЕСТВО ""БАНК ""САНКТ-ПЕТЕРБУРГ""","ПУБЛИЧНОЕ АКЦИОНЕРНОЕ ОБЩЕСТВО ""БАНК ""САНКТ-ПЕТЕРБУРГ""",4140818,True,ok
29.12.2022,26.12.2022,False,1651000027,7701107668,False,"Публичное акционерное общество ""Нижнекамскшина""","Открытое акционерное общество ""Водстрой""",4140835,False,mismatch
09.01.2023,09.01.2023,True,7831000027,7831000027,True,"ПУБЛИЧНОЕ АКЦИОНЕРНОЕ ОБЩЕСТВО ""БАНК ""САНКТ-ПЕТЕРБУРГ""","ПУБЛИЧНОЕ АКЦИОНЕРНОЕ ОБЩЕСТВО ""БАНК ""САНКТ-ПЕТЕРБУРГ""",4142140,True,ok
10.01.2023,09.01.2023,False,7204660270,6320004710,False,"Публичное акционерное общество Деревообрабатывающий комбинат ""Красный Октябрь""",Публичное акционерное общество Трансаммиак,4142903,False,mismatch
10.01.2023,09.01.2023,False,4716016979,7831000027,False,"Публичное акционерное общество ""Федеральная сетевая компания - Россети""","ПУБЛИЧНОЕ АКЦИОНЕРНОЕ ОБЩЕСТВО ""БАНК ""САНКТ-ПЕТЕРБУРГ""",4143356,False,mismatch
12.01.2023,09.01.2023,False,2320109650,4716016979,False,"Публичное акционерное общество ""Интер РАО ЕЭС""","Публичное акционерное общество ""Федеральная сетевая компания - Россети""",4144019,False,mismatch
12.01.2023,12.01.2023,True,4909047613,2320109650,False,"Публичное акционерное общество ""Магаданский морской торговый порт""","Публичное акционерное общество ""Интер РАО ЕЭС""",4144022,False,mismatch
13.01.2023,11.01.2023,False,6320004728,4909047613,False,"Публичное акционерное общество ""Тольяттиазот""","Публичное акционерное общество ""Магаданский морской торговый порт""",4144180,False,mismatch
13.01.2023,12.01.2023,False,2460066195,6320004728,False,"Публичное акционерное общество ""Федеральная гидрогенерирующая компания - РусГидро""","Публичное акционерное общество ""Тольяттиазот""",4144316,False,mismatch
23.01.2023,13.01.2023,False,7831000027,2460066195,False,"ПУБЛИЧНОЕ АКЦИОНЕРНОЕ ОБЩЕСТВО ""БАНК ""САНКТ-ПЕТЕРБУРГ""","Публичное акционерное общество ""Федеральная гидрогенерирующая компания - РусГидро""",4146088,False,mismatch
23.01.2023,10.01.2023,False,9203535745,7204660270,False,"ПУБЛИЧНОЕ АКЦИОНЕРНОЕ ОБЩЕСТВО ""СЕВАСТОПОЛЬСКОЕ АВТОТРАНСПОРТНОЕ ПРЕДПРИЯТИЕ 14369""","Публичное акционерное общество Деревообрабатывающий комбинат ""Красный Октябрь""",4146112,False,mismatch
24.01.2023,23.01.2023,False,7831000027,7831000027,True,"ПУБЛИЧНОЕ АКЦИОНЕРНОЕ ОБЩЕСТВО ""БАНК ""САНКТ-ПЕТЕРБУРГ""","ПУБЛИЧНОЕ АКЦИОНЕРНОЕ ОБЩЕСТВО ""БАНК ""САНКТ-ПЕТЕРБУРГ""",4146445,True,ok
26.01.2023,24.01.2023,False,7831000027,7831000027,True,"ПУБЛИЧНОЕ АКЦИОНЕРНОЕ ОБЩЕСТВО ""БАНК ""САНКТ-ПЕТЕРБУРГ""","ПУБЛИЧНОЕ АКЦИОНЕРНОЕ ОБЩЕСТВО ""БАНК ""САНКТ-ПЕТЕРБУРГ""",4147050,True,ok
27.01.2023,26.01.2023,False,7831000027,7831000027,True,"ПУБЛИЧНОЕ АКЦИОНЕРНОЕ ОБЩЕСТВО ""БАНК ""САНКТ-ПЕТЕРБУРГ""","ПУБЛИЧНОЕ АКЦИОНЕРНОЕ ОБЩЕСТВО ""БАНК ""САНКТ-ПЕТЕРБУРГ""",4147503,True,ok
30.01.2023,27.01.2023,False,7831000027,7831000027,True,"ПУБЛИЧНОЕ АКЦИОНЕРНОЕ ОБЩЕСТВО ""БАНК ""САНКТ-ПЕТЕРБУРГ""","ПУБЛИЧНОЕ АКЦИОНЕРНОЕ ОБЩЕСТВО ""БАНК ""САНКТ-ПЕТЕРБУРГ""",4147803,True,ok
31.01.2023,30.01.2023,False,7831000027,7831000027,True,"ПУБЛИЧНОЕ АКЦИОНЕРНОЕ ОБЩЕСТВО ""БАНК ""САНКТ-ПЕТЕРБУРГ""","ПУБЛИЧНОЕ АКЦИОНЕРНОЕ ОБЩЕСТВО ""БАНК ""САНКТ-ПЕТЕРБУРГ""",4148255,True,ok
01.02.2023,31.01.2023,False,7831000027,7831000027,True,"ПУБЛИЧНОЕ АКЦИОНЕРНОЕ ОБЩЕСТВО ""БАНК ""САНКТ-ПЕТЕРБУРГ""","ПУБЛИЧНОЕ АКЦИОНЕРНОЕ ОБЩЕСТВО ""БАНК ""САНКТ-ПЕТЕРБУРГ""",4148571,True,ok
02.02.2023,01.02.2023,False,7831000027,7831000027,True,"ПУБЛИЧНОЕ АКЦИОНЕРНОЕ ОБЩЕСТВО ""БАНК ""САНКТ-ПЕТЕРБУРГ""","ПУБЛИЧНОЕ АКЦИОНЕРНОЕ ОБЩЕСТВО ""БАНК ""САНКТ-ПЕТЕРБУРГ""",4148965,True,ok
02.02.2023,02.02.2023,True,2461007731,7831000027,False,"Акционерное Общество ""Красноярский судоремонтный завод""","ПУБЛИЧНОЕ АКЦИОНЕРНОЕ ОБЩЕСТВО ""БАНК ""САНКТ-ПЕТЕРБУРГ""",4149043,False,mismatch
02.02.2023,01.02.2023,False,7725043886,2461007731,False,"Публичное акционерное общество ""Завод имени И.А. Лихачева""","Акционерное Общество ""Красноярский судоремонтный завод""",4149156,False,mismatch
02.02.2023,02.02.2023,True,2320109650,7725043886,False,"Публичное акционерное общество ""Интер РАО ЕЭС""","Публичное акционерное общество ""Завод имени И.А. Лихачева""",4149216,False,mismatch
03.02.2023,02.02.2023,False,7831000027,2320109650,False,"ПУБЛИЧНОЕ АКЦИОНЕРНОЕ ОБЩЕСТВО ""БАНК ""САНКТ-ПЕТЕРБУРГ""","Публичное акционерное общество ""Интер РАО ЕЭС""",4149378,False,mismatch
03.02.2023,13.01.2023,False,7430000076,9203535745,False,"Публичное акционерное общество ""Коелгамрамор""","ПУБЛИЧНОЕ АКЦИОНЕРНОЕ ОБЩЕСТВО ""СЕВАСТОПОЛЬСКОЕ АВТОТРАНСПОРТНОЕ ПРЕДПРИЯТИЕ 14369""",4149402,False,mismatch
06.02.2023,03.02.2023,False,7831000027,7831000027,True,"ПУБЛИЧНОЕ АКЦИОНЕРНОЕ ОБЩЕСТВО ""БАНК ""САНКТ-ПЕТЕРБУРГ""","ПУБЛИЧНОЕ АКЦИОНЕРНОЕ ОБЩЕСТВО ""БАНК ""САНКТ-ПЕТЕРБУРГ""",4149903,True,ok
07.02.2023,06.02.2023,False,7831000027,7831000027,True,"ПУБЛИЧНОЕ АКЦИОНЕРНОЕ ОБЩЕСТВО ""БАНК ""САНКТ-ПЕТЕРБУРГ""","ПУБЛИЧНОЕ АКЦИОНЕРНОЕ ОБЩЕСТВО ""БАНК ""САНКТ-ПЕТЕРБУРГ""",4150335,True,ok
08.02.2023,07.02.2023,False,7831000027,7831000027,True,"ПУБЛИЧНОЕ АКЦИОНЕРНОЕ ОБЩЕСТВО ""БАНК ""САНКТ-ПЕТЕРБУРГ""","ПУБЛИЧНОЕ АКЦИОНЕРНОЕ ОБЩЕСТВО ""БАНК ""САНКТ-ПЕТЕРБУРГ""",4150778,True,ok
08.02.2023,09.01.2023,False,7718013390,6671156423,False,"АКЦИОНЕРНОЕ ОБЩЕСТВО ""ХОЛДИНГ ЭРСО""","Публичное акционерное общество ""ЭЛ5-Энерго""",4150903,False,mismatch
08.02.2023,07.02.2023,False,6320004728,7718013390,False,"Публичное акционерное общество ""Тольяттиазот""","АКЦИОНЕРНОЕ ОБЩЕСТВО ""ХОЛДИНГ ЭРСО""",4150910,False,mismatch
09.02.2023,08.02.2023,False,7831000027,7831000027,True,"ПУБЛИЧНОЕ АКЦИОНЕРНОЕ ОБЩЕСТВО ""БАНК ""САНКТ-ПЕТЕРБУРГ""","ПУБЛИЧНОЕ АКЦИОНЕРНОЕ ОБЩЕСТВО ""БАНК ""САНКТ-ПЕТЕРБУРГ""",4151171,True,ok
09.02.2023,09.02.2023,True,1660004878,7831000027,False,"Акционерное общество ""Казанский завод компрессорного машиностроения""","ПУБЛИЧНОЕ АКЦИОНЕРНОЕ ОБЩЕСТВО ""БАНК ""САНКТ-ПЕТЕРБУРГ""",4151217,False,mismatch
10.02.2023,08.02.2023,False,7831000027,1660004878,False,"ПУБЛИЧНОЕ АКЦИОНЕРНОЕ ОБЩЕСТВО ""БАНК ""САНКТ-ПЕТЕРБУРГ""","Акционерное общество ""Казанский завод компрессорного машиностроения""",4151433,False,mismatch
13.02.2023,10.02.2023,False,7831000027,7831000027,True,"ПУБЛИЧНОЕ АКЦИОНЕРНОЕ ОБЩЕСТВО ""БАНК ""САНКТ-ПЕТЕРБУРГ""","ПУБЛИЧНОЕ АКЦИОНЕРНОЕ ОБЩЕСТВО ""БАНК ""САНКТ-ПЕТЕРБУРГ""",4151740,True,ok
14.02.2023,07.02.2023,False,7450003445,6320004728,False,"Публичное акционерное Общество ""Челябинский машиностроительный завод автомобильных прицепов ""Уралавтоприцеп""","Публичное акционерное общество ""Тольяттиазот""",4152145,False,mismatch
02.03.2023,13.02.2023,False,2320109650,7831000027,False,"Публичное акционерное общество ""Интер РАО ЕЭС""","ПУБЛИЧНОЕ АКЦИОНЕРНОЕ ОБЩЕСТВО ""БАНК ""САНКТ-ПЕТЕРБУРГ""",4156602,False,mismatch
03.03.2023,02.03.2023,False,7831000027,2320109650,False,"ПУБЛИЧНОЕ АКЦИОНЕРНОЕ ОБЩЕСТВО ""БАНК ""САНКТ-ПЕТЕРБУРГ""","Публичное акционерное общество ""Интер РАО ЕЭС""",4156745,False,mismatch
03.03.2023,02.03.2023,False,7831000027,7831000027,True,"ПУБЛИЧНОЕ АКЦИОНЕРНОЕ ОБЩЕСТВО ""БАНК ""САНКТ-ПЕТЕРБУРГ""","ПУБЛИЧНОЕ АКЦИОНЕРНОЕ ОБЩЕСТВО ""БАНК ""САНКТ-ПЕТЕРБУРГ""",4156748,True,ok
06.03.2023,03.02.2023,False,4003003825,7430000076,False,"Публичное акционерное общество Агропромышленная фирма ""Кривское""","Публичное акционерное общество ""Коелгамрамор""",4157058,False,mismatch
06.03.2023,03.03.2023,False,7831000027,7831000027,True,"ПУБЛИЧНОЕ АКЦИОНЕРНОЕ ОБЩЕСТВО ""БАНК ""САНКТ-ПЕТЕРБУРГ""","ПУБЛИЧНОЕ АКЦИОНЕРНОЕ ОБЩЕСТВО ""БАНК ""САНКТ-ПЕТЕРБУРГ""",4157119,True,ok
06.03.2023,17.01.2023,False,2618003921,7453006148,False,"Публичное акционерное общество ""Винсадское""","Публичное акционерное общество ""Челябинский часовой завод ""Молния""",4157420,False,mismatch
07.03.2023,06.03.2023,False,7831000027,7831000027,True,"ПУБЛИЧНОЕ АКЦИОНЕРНОЕ ОБЩЕСТВО ""БАНК ""САНКТ-ПЕТЕРБУРГ""","ПУБЛИЧНОЕ АКЦИОНЕРНОЕ ОБЩЕСТВО ""БАНК ""САНКТ-ПЕТЕРБУРГ""",4157550,True,ok
09.03.2023,07.03.2023,False,7831000027,7831000027,True,"ПУБЛИЧНОЕ АКЦИОНЕРНОЕ ОБЩЕСТВО ""БАНК ""САНКТ-ПЕТЕРБУРГ""","ПУБЛИЧНОЕ АКЦИОНЕРНОЕ ОБЩЕСТВО ""БАНК ""САНКТ-ПЕТЕРБУРГ""",4157914,True,ok
09.03.2023,06.03.2023,False,5256003955,2618003921,False,"Публичное акционерное общество ""ГОТХ""","Публичное акционерное общество ""Винсадское""",4158151,False,mismatch
15.03.2023,09.03.2023,False,7734034454,7831000027,False,"Публичное акционерное общество ""Первый Московский завод радиодеталей""","ПУБЛИЧНОЕ АКЦИОНЕРНОЕ ОБЩЕСТВО ""БАНК ""САНКТ-ПЕТЕРБУРГ""",4159515,False,mismatch
17.03.2023,04.03.2023,False,5032000228,4003003825,False,"Публичное акционерное общество ""Голицынская птицефабрика""","Публичное акционерное общество Агропромышленная фирма ""Кривское""",4160245,False,mismatch
17.03.2023,17.03.2023,True,5029014809,5032000228,False,"Публичное акционерное общество ""Краснополянская птицефабрика""","Публичное акционерное общество ""Голицынская птицефабрика""",4160254,False,mismatch
17.03.2023,07.03.2023,False,1021050068,5256003955,False,"Публичное акционерное общество ""Шуялес""","Публичное акционерное общество ""ГОТХ""",4160272,False,mismatch
17.03.2023,15.03.2023,False,7729355029,7734034454,False,"Публичное акционерное общество ""Детский мир""","Публичное акционерное общество ""Первый Московский завод радиодеталей""",4160444,False,mismatch
22.03.2023,14.02.2023,False,6652002570,7450003445,False,"Открытое акционерное общество ""Промышленная упаковка""","Публичное акционерное Общество ""Челябинский машиностроительный завод автомобильных прицепов ""Уралавтоприцеп""",4161476,False,mismatch
28.03.2023,17.03.2023,False,3818000687,5029014809,False,"Акционерное общество ""Осетровский речной порт""","Публичное акционерное общество ""Краснополянская птицефабрика""",4163243,False,mismatch
12.04.2023,27.03.2023,False,7447008002,3818000687,False,"Публичное акционерное общество ""Челябинский трикотаж""","Акционерное общество ""Осетровский речной порт""",4169012,False,mismatch
13.04.2023,12.04.2023,False,5100000010,7447008002,False,"ПУБЛИЧНОЕ АКЦИОНЕРНОЕ ОБЩЕСТВО ""МУРМАНСКИЙ ТРАЛОВЫЙ ФЛОТ""","Публичное акционерное общество ""Челябинский трикотаж""",4169499,False,mismatch
13.04.2023,17.03.2023,False,7708009405,1021050068,False,"Публичное акционерное общество ""Центротранстехмонтаж""","Публичное акционерное общество ""Шуялес""",4169660,False,mismatch
14.04.2023,13.04.2023,False,7453014928,7708009405,False,"Публичное акционерное общество ""Научно-исследовательский институт по измерительной технике""","Публичное акционерное общество ""Центротранстехмонтаж""",4169782,False,mismatch
20.04.2023,22.03.2023,False,1500000120,6652002570,False,"Публичное Акционерное Общество ""Кристалл""","Открытое акционерное общество ""Промышленная упаковка""",4171929,False,mismatch
25.04.2023,13.04.2023,False,7447008002,5100000010,False,"Публичное акционерное общество ""Челябинский трикотаж""","ПУБЛИЧНОЕ АКЦИОНЕРНОЕ ОБЩЕСТВО ""МУРМАНСКИЙ ТРАЛОВЫЙ ФЛОТ""",4173106,False,mismatch
27.04.2023,24.04.2023,False,8601013827,7447008002,False,"Акционерное общество ""Ханты-Мансийскдорстрой""","Публичное акционерное общество ""Челябинский трикотаж""",4174541,False,mismatch
03.05.2023,14.04.2023,False,6608003052,7453014928,False,Публичное  акционерное общество Банк Синара,"Публичное акционерное общество ""Научно-исследовательский институт по измерительной технике""",4176249,False,mismatch
03.05.2023,02.05.2023,False,9201011320,6608003052,False,"Публичное акционерное общество ""Севастопольское автотранспортное предприятие 14330""",Публичное акционерное общество Банк Синара,4176333,False,mismatch
04.05.2023,03.05.2023,False,5507003657,9201011320,False,"Публичное акционерное общество проектно-промышленно-строительно-ремонтное объединение ""Омскагропромдорстрой""","Публичное акционерное общество ""Севастопольское автотранспортное предприятие 14330""",4176671,False,mismatch
15.05.2023,27.04.2023,False,3443009921,8601013827,False,"Публичное акционерное общество ""Международный аэропорт Волгоград""","Акционерное общество ""Ханты-Мансийскдорстрой""",4179255,False,mismatch
17.05.2023,15.05.2023,False,7705004590,3443009921,False,"Открытое акционерное общество ""Внешнеэкономическое объединение ""ТЕХНОСТРОЙЭКСПОРТ""","Публичное акционерное общество ""Международный аэропорт Волгоград""",4180181,False,mismatch
18.05.2023,17.05.2023,False,7701107668,7705004590,False,"Открытое акционерное общество ""Водстрой""","Открытое акционерное общество ""Внешнеэкономическое объединение ""ТЕХНОСТРОЙЭКСПОРТ""",4180706,False,mismatch
18.05.2023,20.04.2023,False,5836605167,1500000120,False,"Публичное акционерное общество ""Электромеханика""","Публичное Акционерное Общество ""Кристалл""",4180769,False,mismatch
18.05.2023,17.03.2023,False,7734034454,7729355029,False,"Публичное акционерное общество ""Первый Московский завод радиодеталей""","Публичное акционерное общество ""Детский мир""",4180785,False,mismatch
23.05.2023,18.05.2023,False,5403101628,5836605167,False,"Публичное акционерное общество ""Тяжстанкогидропресс""","Публичное акционерное общество ""Электромеханика""",4182659,False,mismatch
30.05.2023,03.05.2023,False,7729355029,5507003657,False,"Публичное акционерное общество ""Детский мир""","Публичное акционерное общество проектно-промышленно-строительно-ремонтное объединение ""Омскагропромдорстрой""",4185989,False,mismatch
30.05.2023,29.05.2023,False,7729355029,7729355029,True,"Публичное акционерное общество ""Детский мир""","Публичное акционерное общество ""Детский мир""",4185998,True,ok
01.06.2023,18.05.2023,False,1835012826,7734034454,False,"Публичное акционерное общество ""Ижевский завод нефтяного машиностроения""","Публичное акционерное общество ""Первый Московский завод радиодеталей""",4187181,False,mismatch
02.06.2023,31.05.2023,False,5615002700,1835012826,False,"Публичное акционерное общество ""Орскнефтеоргсинтез""","Публичное акционерное общество ""Ижевский завод нефтяного машиностроения""",4187525,False,mismatch
06.06.2023,27.03.2023,False,6163011391,6163011391,True,"Публичное акционерное общество коммерческий банк ""Центр-инвест""","Публичное акционерное общество коммерческий банк ""Центр-инвест""",4188484,True,ok
06.06.2023,01.06.2023,False,6163011391,5615002700,False,"Публичное акционерное общество коммерческий банк ""Центр-инвест""","Публичное акционерное общество ""Орскнефтеоргсинтез""",4188489,False,mismatch
06.06.2023,05.06.2023,False,2320109650,6163011391,False,"Публичное акционерное общество ""Интер РАО ЕЭС""","Публичное акционерное общество коммерческий банк ""Центр-инвест""",4188740,False,mismatch
09.06.2023,06.06.2023,False,2320109650,2320109650,True,"Публичное акционерное общество ""Интер РАО ЕЭС""","Публичное акционерное общество ""Интер РАО ЕЭС""",4189894,True,ok
15.06.2023,17.05.2023,False,2618003921,7701107668,False,"Публичное акционерное общество ""Винсадское""","Открытое акционерное общество ""Водстрой""",4191548,False,mismatch
19.06.2023,23.05.2023,False,9701082537,5403101628,False,"Публичное акционерное общество ""ГЛОБАЛТРАК МЕНЕДЖМЕНТ""","Публичное акционерное общество ""Тяжстанкогидропресс""",4192270,False,mismatch
23.06.2023,09.06.2023,False,2320109650,2320109650,True,"Публичное акционерное общество ""Интер РАО ЕЭС""","Публичное акционерное общество ""Интер РАО ЕЭС""",4194330,True,ok
26.06.2023,30.05.2023,False,3327210280,7729355029,False,"Акционерное общество ""Владимирглавснаб""","Публичное акционерное общество ""Детский мир""",4194532,False,mismatch
06.07.2023,23.06.2023,False,2460066195,2320109650,False,"Публичное акционерное общество ""Федеральная гидрогенерирующая компания - РусГидро""","Публичное акционерное общество ""Интер РАО ЕЭС""",4200141,False,mismatch
10.07.2023,26.06.2023,False,7715008441,3327210280,False,"Публичное акционерное общество ""Бескудниковский комбинат строительных материалов""","Акционерное общество ""Владимирглавснаб""",4201061,False,mismatch
11.07.2023,05.07.2023,False,2460066195,2460066195,True,"Публичное акционерное общество ""Федеральная гидрогенерирующая компания - РусГидро""","Публичное акционерное общество ""Федеральная гидрогенерирующая компания - РусГидро""",4201455,True,ok
11.07.2023,19.06.2023,False,7203048385,9701082537,False,"Акционерное общество ""Бизнес пространство Шесть/Девять""","Публичное акционерное общество ""ГЛОБАЛТРАК МЕНЕДЖМЕНТ""",4201608,False,mismatch
18.07.2023,11.07.2023,False,2308026372,7203048385,False,"Акционерное Общество ""Краснодарский завод ""Нефтемаш""","Акционерное общество ""Бизнес пространство Шесть/Девять""",4203188,False,mismatch
27.07.2023,05.06.2023,False,4401050567,6163011391,False,"Публичное акционерное общество ""Костромская сбытовая компания""","Публичное акционерное общество коммерческий банк ""Центр-инвест""",4205914,False,mismatch
01.08.2023,18.07.2023,False,7724053105,2308026372,False,"Акционерное общество ""Экспостроймаш""","Акционерное Общество ""Краснодарский завод ""Нефтемаш""",4207298,False,mismatch
02.08.2023,27.07.2023,False,7810796785,4401050567,False,"Общество с ограниченной ответственностью ""ГСП-Финанс""","Публичное акционерное общество ""Костромская сбытовая компания""",4207660,False,mismatch
07.08.2023,01.08.2023,False,4201000625,7724053105,False,"Открытое акционерное общество ""Анжерский машиностроительный завод""","Акционерное общество ""Экспостроймаш""",4208442,False,mismatch
08.08.2023,28.07.2023,False,5404154492,4201000625,False,"Новосибирский социальный коммерческий банк ""Левобережный"" (публичное акционерное общество)","Открытое акционерное общество ""Анжерский машиностроительный завод""",4208801,False,mismatch
15.08.2023,07.08.2023,False,6320004630,5404154492,False,"Публичное акционерное общество ""Азотреммаш""","Новосибирский социальный коммерческий банк ""Левобережный"" (публичное акционерное общество)",4210685,False,mismatch
15.08.2023,15.06.2023,False,5256003955,2618003921,False,"Публичное акционерное общество ""ГОТХ""","Публичное акционерное общество ""Винсадское""",4210816,False,mismatch
18.08.2023,14.08.2023,False,1021050068,5256003955,False,"Публичное акционерное общество ""Шуялес""","Публичное акционерное общество ""ГОТХ""",4211699,False,mismatch
22.08.2023,18.08.2023,False,6608003052,1021050068,False,Публичное  акционерное общество Банк Синара,"Публичное акционерное общество ""Шуялес""",4212513,False,mismatch
23.08.2023,10.07.2023,False,9201505791,7715008441,False,"ПУБЛИЧНОЕ АКЦИОНЕРНОЕ ОБЩЕСТВО ""СЕВАСТОПОЛЬСКИЙ ЗАВОД ""СПЕКТР"", Публичное акционерное общество ""Севастопольский завод ""Спектр"".","Публичное акционерное общество ""Бескудниковский комбинат строительных материалов""",4212915,False,mismatch
23.08.2023,10.07.2023,False,1660004878,2460066195,False,"Акционерное общество ""Казанский завод компрессорного машиностроения""","Публичное акционерное общество ""Федеральная гидрогенерирующая компания - РусГидро""",4213169,False,mismatch
25.08.2023,23.08.2023,False,7801098840,1660004878,False,"Акционерное общество ""Прибой-Инвест""","Акционерное общество ""Казанский завод компрессорного машиностроения""",4213864,False,mismatch
29.08.2023,23.08.2023,False,7453006148,9201505791,False,"Публичное акционерное общество ""Челябинский часовой завод ""Молния""","ПУБЛИЧНОЕ АКЦИОНЕРНОЕ ОБЩЕСТВО ""СЕВАСТОПОЛЬСКИЙ ЗАВОД ""СПЕКТР"", Публичное акционерное общество ""Севастопольский завод ""Спектр"".",4214327,False,mismatch
05.09.2023,29.08.2023,False,7450003445,7453006148,False,"Публичное акционерное Общество ""Челябинский машиностроительный завод автомобильных прицепов ""Уралавтоприцеп""","Публичное акционерное общество ""Челябинский часовой завод ""Молния""",4216366,False,mismatch
05.09.2023,14.08.2023,False,2325006880,6320004630,False,"Публичное акционерное общество ""Хадыженский машиностроительный завод""","Публичное акционерное общество ""Азотреммаш""",4216446,False,mismatch
08.09.2023,25.08.2023,False,2460066195,7801098840,False,"Публичное акционерное общество ""Федеральная гидрогенерирующая компания - РусГидро""","Акционерное общество ""Прибой-Инвест""",4217360,False,mismatch
12.09.2023,21.08.2023,False,7708009405,6608003052,False,"Публичное акционерное общество ""Центротранстехмонтаж""",Публичное акционерное общество Банк Синара,4218181,False,mismatch
13.09.2023,02.08.2023,False,4401050567,7810796785,False,"Публичное акционерное общество ""Костромская сбытовая компания""","Общество с ограниченной ответственностью ""ГСП-Финанс""",4218338,False,mismatch
18.09.2023,04.09.2023,False,5030029038,7450003445,False,"Акционерное общество ""Кузнецовский комбинат""","Публичное акционерное Общество ""Челябинский машиностроительный завод автомобильных прицепов ""Уралавтоприцеп""",4219524,False,mismatch
18.09.2023,08.09.2023,False,6315376946,2460066195,False,"Публичное акционерное общество ""Т Плюс""","Публичное акционерное общество ""Федеральная гидрогенерирующая компания - РусГидро""",4219584,False,mismatch
20.09.2023,18.09.2023,False,4205001098,6315376946,False,"Публичное акционерное общество ""ЧИФ-КУЗБАСС""","Публичное акционерное общество ""Т Плюс""",4220155,False,mismatch
20.09.2023,19.09.2023,False,1660004878,4205001098,False,"Акционерное общество ""Казанский завод компрессорного машиностроения""","Публичное акционерное общество ""ЧИФ-КУЗБАСС""",4220270,False,mismatch
21.09.2023,05.09.2023,False,2920000414,2325006880,False,"Публичное акционерное общество ""Северо-Онежский бокситовый рудник""","Публичное акционерное общество ""Хадыженский машиностроительный завод""",4220409,False,mismatch
22.09.2023,11.09.2023,False,5507003657,7708009405,False,"Публичное акционерное общество проектно-промышленно-строительно-ремонтное объединение ""Омскагропромдорстрой""","Публичное акционерное общество ""Центротранстехмонтаж""",4220857,False,mismatch
22.09.2023,22.09.2023,True,9201011320,5507003657,False,"Публичное акционерное общество ""Севастопольское автотранспортное предприятие 14330""","Публичное акционерное общество проектно-промышленно-строительно-ремонтное объединение ""Омскагропромдорстрой""",4220920,False,mismatch
25.09.2023,20.09.2023,False,6704000505,1660004878,False,"Публичное акционерное общество ""Дорогобуж""","Акционерное общество ""Казанский завод компрессорного машиностроения""",4221290,False,mismatch
26.09.2023,18.09.2023,False,2349006287,5030029038,False,"Публичное акционерное общество ""Славянский кирпич""","Акционерное общество ""Кузнецовский комбинат""",4221581,False,mismatch
26.09.2023,20.09.2023,False,7717022530,2920000414,False,"Акционерное общество ""Институт по проектированию предприятий машиностроения и приборостроения""","Публичное акционерное общество ""Северо-Онежский бокситовый рудник""",4221689,False,mismatch
26.09.2023,13.09.2023,False,2353016432,4401050567,False,"Публичное акционерное общество ""АФ ""Степь""","Публичное акционерное общество ""Костромская сбытовая компания""",4221841,False,mismatch
28.09.2023,25.09.2023,False,7704028125,6704000505,False,"Публичное акционерное общество ""Газпром автоматизация""","Публичное акционерное общество ""Дорогобуж""",4222555,False,mismatch
29.09.2023,27.09.2023,False,2460066195,7704028125,False,"Публичное акционерное общество ""Федеральная гидрогенерирующая компания - РусГидро""","Публичное акционерное общество ""Газпром автоматизация""",4222905,False,mismatch
02.10.2023,29.09.2023,False,7730183529,2460066195,False,"Публичное акционерное общество ""Группа компаний коммунальной сферы""","Публичное акционерное общество ""Федеральная гидрогенерирующая компания - РусГидро""",4223411,False,mismatch
03.10.2023,29.09.2023,False,4401050567,7730183529,False,"Публичное акционерное общество ""Костромская сбытовая компания""","Публичное акционерное общество ""Группа компаний коммунальной сферы""",4223812,False,mismatch
05.10.2023,25.09.2023,False,7729355029,7717022530,False,"Публичное акционерное общество ""Детский мир""","Акционерное общество ""Институт по проектированию предприятий машиностроения и приборостроения""",4224438,False,mismatch
05.10.2023,26.09.2023,False,7713006449,2353016432,False,"Акционерное общество ""Радиотехнический институт имени академика А.Л. Минца""","Публичное акционерное общество ""АФ ""Степь""",4224657,False,mismatch
05.10.2023,04.10.2023,False,7718016698,7713006449,False,"Акционерное общество ""Научно-производственный комплекс ""Научно-исследовательский институт дальней радиосвязи""","Акционерное общество ""Радиотехнический институт имени академика А.Л. Минца""",4224671,False,mismatch
16.10.2023,03.10.2023,False,5321029508,4401050567,False,"Публичное акционерное общество ""Акрон""","Публичное акционерное общество ""Костромская сбытовая компания""",4227196,False,mismatch
17.10.2023,26.09.2023,False,5031008224,2349006287,False,"Публичное акционерное общество ""Эталон""","Публичное акционерное общество ""Славянский кирпич""",4227334,False,mismatch
17.10.2023,16.10.2023,False,3528009342,5031008224,False,"Публичное акционерное общество ""Завод железобетонных изделий и конструкций""","Публичное акционерное общество ""Эталон""",4227373,False,mismatch
19.10.2023,16.10.2023,False,2460066195,5321029508,False,"Публичное акционерное общество ""Федеральная гидрогенерирующая компания - РусГидро""","Публичное акционерное общество ""Акрон""",4228235,False,mismatch
27.10.2023,19.10.2023,False,6652002273,2460066195,False,"Публичное акционерное общество ""Ключевский завод ферросплавов""","Публичное акционерное общество ""Федеральная гидрогенерирующая компания - РусГидро""",4230396,False,mismatch
27.10.2023,22.09.2023,False,7203048385,9201011320,False,"Акционерное общество ""Бизнес пространство Шесть/Девять""","Публичное акционерное общество ""Севастопольское автотранспортное предприятие 14330""",4230551,False,mismatch
31.10.2023,27.10.2023,False,2460066195,6652002273,False,"Публичное акционерное общество ""Федеральная гидрогенерирующая компания - РусГидро""","Публичное акционерное общество ""Ключевский завод ферросплавов""",4231292,False,mismatch
08.11.2023,27.10.2023,False,5836605167,7203048385,False,"Публичное акционерное общество ""Электромеханика""","Акционерное общество ""Бизнес пространство Шесть/Девять""",4233175,False,mismatch
08.11.2023,30.10.2023,False,5615002700,2460066195,False,"Публичное акционерное общество ""Орскнефтеоргсинтез""","Публичное акционерное общество ""Федеральная гидрогенерирующая компания - РусГидро""",4233181,False,mismatch
08.11.2023,08.11.2023,True,7107003737,5615002700,False,"Акционерное общество ""Газстройдеталь""","Публичное акционерное общество ""Орскнефтеоргсинтез""",4233387,False,mismatch
10.11.2023,04.10.2023,False,1215005177,7718016698,False,"Публичное акционерное общество ""Земля-инвест""","Акционерное общество ""Научно-производственный комплекс ""Научно-исследовательский институт дальней радиосвязи""",4233876,False,mismatch
13.11.2023,10.11.2023,False,7714039849,1215005177,False,"Акционерное общество ""Опытно-конструкторское бюро им. А.С. Яковлева""","Публичное акционерное общество ""Земля-инвест""",4234262,False,mismatch
13.11.2023,08.11.2023,False,2460066195,7107003737,False,"Публичное акционерное общество ""Федеральная гидрогенерирующая компания - РусГидро""","Акционерное общество ""Газстройдеталь""",4234352,False,mismatch
13.11.2023,16.10.2023,False,7730028668,3528009342,False,"ПУБЛИЧНОЕ АКЦИОНЕРНОЕ ОБЩЕСТВО ""КИЕВСКОЕ""","Публичное акционерное общество ""Завод железобетонных изделий и конструкций""",4234505,False,mismatch
15.11.2023,10.11.2023,False,9703103060,7714039849,False,"Публичное акционерное общество ""ВУШ Холдинг""","Акционерное общество ""Опытно-конструкторское бюро им. А.С. Яковлева""",4234871,False,mismatch
20.11.2023,13.11.2023,False,7702336269,2460066195,False,"Публичное акционерное общество ""ИНГРАД""","Публичное акционерное общество ""Федеральная гидрогенерирующая компания - РусГидро""",4236406,False,mismatch
28.11.2023,08.11.2023,False,7715008441,5836605167,False,"Публичное акционерное общество ""Бескудниковский комбинат строительных материалов""","Публичное акционерное общество ""Электромеханика""",4238380,False,mismatch
29.11.2023,13.11.2023,False,9204021090,7730028668,False,"ПУБЛИЧНОЕ АКЦИОНЕРНОЕ ОБЩЕСТВО ""СЕВАСТОПОЛЬ-БАКАЛЕЯ""","ПУБЛИЧНОЕ АКЦИОНЕРНОЕ ОБЩЕСТВО ""КИЕВСКОЕ""",4238667,False,mismatch
05.12.2023,29.11.2023,False,7723010211,9204021090,False,"Публичное акционерное общество Специализированный застройщик ""Деметра""","ПУБЛИЧНОЕ АКЦИОНЕРНОЕ ОБЩЕСТВО ""СЕВАСТОПОЛЬ-БАКАЛЕЯ""",4240384,False,mismatch
06.12.2023,20.11.2023,False,2320109650,7702336269,False,"Публичное акционерное общество ""Интер РАО ЕЭС""","Публичное акционерное общество ""ИНГРАД""",4240697,False,mismatch
11.12.2023,06.12.2023,False,9703103060,2320109650,False,"Публичное акционерное общество ""ВУШ Холдинг""","Публичное акционерное общество ""Интер РАО ЕЭС""",4241746,False,mismatch
12.12.2023,08.12.2023,False,4029030252,9703103060,False,"Публичное акционерное общество ""Калужская сбытовая компания""","Публичное акционерное общество ""ВУШ Холдинг""",4242062,False,mismatch
12.12.2023,05.12.2023,False,7710056096,7723010211,False,"Публичное акционерное общество ""Научно-Производственная и Коммерческая Фирма ""Фармацевтический импорт, экспорт""","Публичное акционерное общество Специализированный застройщик ""Деметра""",4242105,False,mismatch
12.12.2023,12.12.2023,True,9703103060,4029030252,False,"Публичное акционерное общество ""ВУШ Холдинг""","Публичное акционерное общество ""Калужская сбытовая компания""",4242412,False,mismatch
13.12.2023,14.11.2023,False,7716814300,9703103060,False,"Публичное акционерное общество ""Европейская Электротехника""","Публичное акционерное общество ""ВУШ Холдинг""",4242616,False,mismatch
13.12.2023,11.12.2023,False,9703103060,9703103060,True,"Публичное акционерное общество ""ВУШ Холдинг""","Публичное акционерное общество ""ВУШ Холдинг""",4242647,True,ok
14.12.2023,12.12.2023,False,9703103060,9703103060,True,"Публичное акционерное общество ""ВУШ Холдинг""","Публичное акционерное общество ""ВУШ Холдинг""",4243020,True,ok
15.12.2023,14.12.2023,False,9703103060,9703103060,True,"Публичное акционерное общество ""ВУШ Холдинг""","Публичное акционерное общество ""ВУШ Холдинг""",4243464,True,ok
15.12.2023,15.12.2023,True,2460066195,9703103060,False,"Публичное акционерное общество ""Федеральная гидрогенерирующая компания - РусГидро""","Публичное акционерное общество ""ВУШ Холдинг""",4243502,False,mismatch
18.12.2023,15.12.2023,False,9703103060,2460066195,False,"Публичное акционерное общество ""ВУШ Холдинг""","Публичное акционерное общество ""Федеральная гидрогенерирующая компания - РусГидро""",4244117,False,mismatch
19.12.2023,12.12.2023,False,1001004419,7710056096,False,"Публичное акционерное общество ""Карат""","Публичное акционерное общество ""Научно-Производственная и Коммерческая Фирма ""Фармацевтический импорт, экспорт""",4244259,False,mismatch
19.12.2023,05.10.2023,False,5030005051,7729355029,False,"Открытое Акционерное Общество ""Наро-Фоминский завод пластических масс""","Публичное акционерное общество ""Детский мир""",4244285,False,mismatch
19.12.2023,19.12.2023,True,9203004575,1001004419,False,"ПУБЛИЧНОЕ АКЦИОНЕРНОЕ ОБЩЕСТВО ""ТАВРИЯ""","Публичное акционерное общество ""Карат""",4244448,False,mismatch
19.12.2023,15.12.2023,False,9703103060,9703103060,True,"Публичное акционерное общество ""ВУШ Холдинг""","Публичное акционерное общество ""ВУШ Холдинг""",4244563,True,ok
20.12.2023,19.12.2023,False,9703103060,9703103060,True,"Публичное акционерное общество ""ВУШ Холдинг""","Публичное акционерное общество ""ВУШ Холдинг""",4244844,True,ok
22.12.2023,19.12.2023,False,9703103060,9703103060,True,"Публичное акционерное общество ""ВУШ Холдинг""","Публичное акционерное общество ""ВУШ Холдинг""",4245825,True,ok
25.12.2023,21.12.2023,False,9703103060,9703103060,True,"Публичное акционерное общество ""ВУШ Холдинг""","Публичное акционерное общество ""ВУШ Холдинг""",4246216,True,ok
27.12.2023,25.12.2023,False,9703103060,9703103060,True,"Публичное акционерное общество ""ВУШ Холдинг""","Публичное акционерное общество ""ВУШ Холдинг""",4246894,True,ok
28.12.2023,28.11.2023,False,5030029038,7715008441,False,"Публичное акционерное общество ""Кузнецовский комбинат""","Публичное акционерное общество ""Бескудниковский комбинат строительных материалов""",4247534,False,mismatch
28.12.2023,26.12.2023,False,9703103060,9703103060,True,"Публичное акционерное общество ""ВУШ Холдинг""","Публичное акционерное общество ""ВУШ Холдинг""",4247646,True,ok
29.12.2023,27.12.2023,False,9703103060,9703103060,True,"Публичное акционерное общество ""ВУШ Холдинг""","Публичное акционерное общество ""ВУШ Холдинг""",4247897,True,ok
29.12.2023,13.12.2023,False,7714039849,7716814300,False,"Акционерное общество ""Опытно-конструкторское бюро им. А.С. Яковлева""","Публичное акционерное общество ""Европейская Электротехника""",4247978,False,mismatch
12.01.2024,11.01.2024,False,2320109650,9703103060,False,"Публичное акционерное общество ""Интер РАО ЕЭС""","Публичное акционерное общество ""ВУШ Холдинг""",4250439,False,mismatch
15.01.2024,12.01.2024,False,3327101115,2320109650,False,"Публичное акционерное общество Владимирский завод прецизионного оборудования ""Техника""","Публичное акционерное общество ""Интер РАО ЕЭС""",4250596,False,mismatch
15.01.2024,15.01.2024,True,9703103060,3327101115,False,"Публичное акционерное общество ""ВУШ Холдинг""","Публичное акционерное общество Владимирский завод прецизионного оборудования ""Техника""",4250705,False,mismatch
16.01.2024,15.01.2024,False,9703103060,9703103060,True,"Публичное акционерное общество ""ВУШ Холдинг""","Публичное акционерное общество ""ВУШ Холдинг""",4251020,True,ok
17.01.2024,15.01.2024,False,5031008224,7453006148,False,"Публичное акционерное общество ""Эталон""","Публичное акционерное общество ""Челябинский часовой завод ""Молния""",4251225,False,mismatch
17.01.2024,12.01.2024,False,3402003455,4009001415,False,"Акционерное общество ""Быковское хлебоприемное предприятие""","Публичное акционерное общество ""Козельский механический завод""",4251278,False,mismatch
18.01.2024,16.01.2024,False,9703103060,9703103060,True,"Публичное акционерное общество ""ВУШ Холдинг""","Публичное акционерное общество ""ВУШ Холдинг""",4251742,True,ok
22.01.2024,18.01.2024,False,9703103060,9703103060,True,"Публичное акционерное общество ""ВУШ Холдинг""","Публичное акционерное общество ""ВУШ Холдинг""",4252339,True,ok
23.01.2024,22.01.2024,False,1835012826,9703103060,False,"Публичное акционерное общество ""Ижевский завод нефтяного машиностроения""","Публичное акционерное общество ""ВУШ Холдинг""",4252648,False,mismatch
25.01.2024,17.01.2024,False,2308024086,3402003455,False,"Публичное акционерное общество ""Кубинтерсвязь""","Акционерное общество ""Быковское хлебоприемное предприятие""",4253234,False,mismatch
25.01.2024,22.01.2024,False,9703103060,1835012826,False,"Публичное акционерное общество ""ВУШ Холдинг""","Публичное акционерное общество ""Ижевский завод нефтяного машиностроения""",4253473,False,mismatch
26.01.2024,16.01.2024,False,2308026372,5031008224,False,"Акционерное Общество ""Краснодарский завод ""Нефтемаш""","Публичное акционерное общество ""Эталон""",4253712,False,mismatch
26.01.2024,25.01.2024,False,7714039849,9703103060,False,"Акционерное общество ""Опытно-конструкторское бюро им. А.С. Яковлева""","Публичное акционерное общество ""ВУШ Холдинг""",4253895,False,mismatch
29.01.2024,25.01.2024,False,9703103060,7714039849,False,"Публичное акционерное общество ""ВУШ Холдинг""","Акционерное общество ""Опытно-конструкторское бюро им. А.С. Яковлева""",4253957,False,mismatch
30.01.2024,29.01.2024,False,7725003474,7725003474,True,"Публичное акционерное общество Акционерная электротехническая компания ""Динамо""","Публичное акционерное общество Акционерная электротехническая компания ""Динамо""",4254451,True,ok
31.01.2024,29.01.2024,False,2330025991,9703103060,False,"Публичное акционерное общество ""Племзавод им. В.И. Чапаева""","Публичное акционерное общество ""ВУШ Холдинг""",4254862,False,mismatch
06.02.2024,26.01.2024,False,2325006880,2308026372,False,"Публичное акционерное общество ""Хадыженский машиностроительный завод""","Акционерное Общество ""Краснодарский завод ""Нефтемаш""",4256751,False,mismatch
09.02.2024,31.01.2024,False,9703103060,2330025991,False,"Публичное акционерное общество ""ВУШ Холдинг""","Публичное акционерное общество ""Племзавод им. В.И. Чапаева""",4257756,False,mismatch
12.02.2024,09.02.2024,False,9703103060,9703103060,True,"Публичное акционерное общество ""ВУШ Холдинг""","Публичное акционерное общество ""ВУШ Холдинг""",4258114,True,ok
12.02.2024,30.01.2024,False,5904000395,7725003474,False,"Публичное акционерное общество ""Пермская научно-производственная приборостроительная компания""","Публичное акционерное общество Акционерная электротехническая компания ""Динамо""",4258210,False,mismatch
13.02.2024,12.02.2024,False,9703103060,9703103060,True,"Публичное акционерное общество ""ВУШ Холдинг""","Публичное акционерное общество ""ВУШ Холдинг""",4258364,True,ok
13.02.2024,06.02.2024,False,3528009342,2325006880,False,"Публичное акционерное общество ""Завод железобетонных изделий и конструкций""","Публичное акционерное общество ""Хадыженский машиностроительный завод""",4258480,False,mismatch
15.02.2024,12.02.2024,False,4025019280,5904000395,False,"Публичное акционерное общество ""Приборный завод ""Сигнал""","Публичное акционерное общество ""Пермская научно-производственная приборостроительная компания""",4259256,False,mismatch
16.02.2024,12.02.2024,False,7202062130,3528009342,False,"Открытое акционерное  общество ""Тюменьхлебопродукт""","Публичное акционерное общество ""Завод железобетонных изделий и конструкций""",4259700,False,mismatch
21.02.2024,13.02.2024,False,7718183890,9703103060,False,"Акционерное общество ""Производственный комплекс ХК ЭЛЕКТРОЗАВОД""","Публичное акционерное общество ""ВУШ Холдинг""",4260626,False,mismatch
21.02.2024,20.02.2024,False,9703103060,7718183890,False,"Публичное акционерное общество ""ВУШ Холдинг""","Акционерное общество ""Производственный комплекс ХК ЭЛЕКТРОЗАВОД""",4260658,False,mismatch
27.02.2024,24.01.2024,False,7706037943,2308024086,False,"Акционерное общество ""МОСТЕПЛОСЕТЬСТРОЙ""","Публичное акционерное общество ""Кубинтерсвязь""",4262021,False,mismatch
29.02.2024,15.02.2024,False,2537009770,4025019280,False,"Открытое акционерное общество ""Владивостокский морской рыбный порт""","Публичное акционерное общество ""Приборный завод ""Сигнал""",4262569,False,mismatch
04.03.2024,21.02.2024,False,2320109650,9703103060,False,"Публичное акционерное общество ""Интер РАО ЕЭС""","Публичное акционерное общество ""ВУШ Холдинг""",4263882,False,mismatch
05.03.2024,26.02.2024,False,3509002623,7706037943,False,"Публичное акционерное общество Племзавод ""Заря""","Акционерное общество ""МОСТЕПЛОСЕТЬСТРОЙ""",4263949,False,mismatch
28.03.2022,25.03.2022,False,1660004878,5904000395,False,"Акционерное общество ""Казанский завод компрессорного машиностроения""","Публичное акционерное общество ""Пермская научно-производственная приборостроительная компания""",4264803,False,mismatch
07.03.2024,16.02.2024,False,7450003445,7202062130,False,"Публичное акционерное Общество ""Челябинский машиностроительный завод автомобильных прицепов ""Уралавтоприцеп""","Открытое акционерное общество ""Тюменьхлебопродукт""",4265286,False,mismatch
07.03.2024,04.03.2024,False,9703103060,2320109650,False,"Публичное акционерное общество ""ВУШ Холдинг""","Публичное акционерное общество ""Интер РАО ЕЭС""",4265442,False,mismatch
07.03.2024,07.03.2024,True,2320109650,9703103060,False,"Публичное акционерное общество ""Интер РАО ЕЭС""","Публичное акционерное общество ""ВУШ Холдинг""",4265532,False,mismatch
11.03.2024,07.03.2024,False,9703103060,2320109650,False,"Публичное акционерное общество ""ВУШ Холдинг""","Публичное акционерное общество ""Интер РАО ЕЭС""",4265715,False,mismatch
12.03.2024,11.03.2024,False,9703103060,9703103060,True,"Публичное акционерное общество ""ВУШ Холдинг""","Публичное акционерное общество ""ВУШ Холдинг""",4266096,True,ok
15.03.2024,12.03.2024,False,9703103060,9703103060,True,"Публичное акционерное общество ""ВУШ Холдинг""","Публичное акционерное общество ""ВУШ Холдинг""",4267309,True,ok
18.03.2024,15.03.2024,False,2320109650,9703103060,False,"Публичное акционерное общество ""Интер РАО ЕЭС""","Публичное акционерное общество ""ВУШ Холдинг""",4267976,False,mismatch
25.03.2024,18.03.2024,False,9703103060,2320109650,False,"Публичное акционерное общество ""ВУШ Холдинг""","Публичное акционерное общество ""Интер РАО ЕЭС""",4270060,False,mismatch
25.03.2024,04.03.2024,False,7733021131,3509002623,False,"Публичное акционерное общество ""Автокомбинат №36""","Публичное акционерное общество Племзавод ""Заря""",4270366,False,mismatch
29.03.2024,25.03.2024,False,9703103060,9703103060,True,"Публичное акционерное общество ""ВУШ Холдинг""","Публичное акционерное общество ""ВУШ Холдинг""",4272558,True,ok
29.03.2024,29.03.2024,True,1660004878,9703103060,False,"Акционерное общество ""Казанский завод компрессорного машиностроения""","Публичное акционерное общество ""ВУШ Холдинг""",4272854,False,mismatch
01.04.2024,29.02.2024,False,7609001719,2537009770,False,"Публичное акционерное общество "" НАУЧНО-ПРОИЗВОДСТВЕННОЕ ОБЪЕДИНЕНИЕ ФИЛЬТРЫ ИНДУСТРИАЛЬНЫЕ ГАЗООЧИСТНЫЕ (Семибратовский завод газоочистительной аппаратуры)""","Открытое акционерное общество ""Владивостокский морской рыбный порт""",4273759,False,mismatch
02.04.2024,29.03.2024,False,9703103060,1660004878,False,"Публичное акционерное общество ""ВУШ Холдинг""","Акционерное общество ""Казанский завод компрессорного машиностроения""",4274142,False,mismatch
03.04.2024,02.04.2024,False,9703103060,9703103060,True,"Публичное акционерное общество ""ВУШ Холдинг""","Публичное акционерное общество ""ВУШ Холдинг""",4274944,True,ok
04.04.2024,03.04.2024,False,9703103060,9703103060,True,"Публичное акционерное общество ""ВУШ Холдинг""","Публичное акционерное общество ""ВУШ Холдинг""",4275273,True,ok
08.04.2024,04.04.2024,False,9703103060,9703103060,True,"Публичное акционерное общество ""ВУШ Холдинг""","Публичное акционерное общество ""ВУШ Холдинг""",4276441,True,ok
09.04.2024,08.04.2024,False,9703103060,9703103060,True,"Публичное акционерное общество ""ВУШ Холдинг""","Публичное акционерное общество ""ВУШ Холдинг""",4276735,True,ok
10.04.2024,09.04.2024,False,9703103060,9703103060,True,"Публичное акционерное общество ""ВУШ Холдинг""","Публичное акционерное общество ""ВУШ Холдинг""",4277063,True,ok
10.04.2024,25.03.2024,False,5005013891,7733021131,False,"Публичное акционерное общество ""Лесной""","Публичное акционерное общество ""Автокомбинат №36""",4277245,False,mismatch
12.04.2024,10.04.2024,False,0250005763,9703103060,False,"Открытое акционерное общество ""Чишминский сахарный завод""","Публичное акционерное общество ""ВУШ Холдинг""",4278118,False,mismatch
12.04.2024,12.04.2024,True,9703103060,0250005763,False,"Публичное акционерное общество ""ВУШ Холдинг""","Открытое акционерное общество ""Чишминский сахарный завод""",4278136,False,mismatch
15.04.2024,12.04.2024,False,9703103060,9703103060,True,"Публичное акционерное общество ""ВУШ Холдинг""","Публичное акционерное общество ""ВУШ Холдинг""",4278589,True,ok
15.04.2024,06.03.2024,False,7723010211,7450003445,False,"Публичное акционерное общество Специализированный застройщик ""Деметра""","Публичное акционерное Общество ""Челябинский машиностроительный завод автомобильных прицепов ""Уралавтоприцеп""",4278664,False,mismatch
15.04.2024,01.04.2024,False,5004002329,7609001719,False,"Акционерное общество ""Волоколамскхлеб""","Публичное акционерное общество "" НАУЧНО-ПРОИЗВОДСТВЕННОЕ ОБЪЕДИНЕНИЕ ФИЛЬТРЫ ИНДУСТРИАЛЬНЫЕ ГАЗООЧИСТНЫЕ (Семибратовский завод газоочистительной аппаратуры)""",4278708,False,mismatch
16.04.2024,15.04.2024,False,9703103060,9703103060,True,"Публичное акционерное общество ""ВУШ Холдинг""","Публичное акционерное общество ""ВУШ Холдинг""",4279211,True,ok
17.04.2024,16.04.2024,False,2320109650,9703103060,False,"Публичное акционерное общество ""Интер РАО ЕЭС""","Публичное акционерное общество ""ВУШ Холдинг""",4279614,False,mismatch
18.04.2024,06.04.2024,False,7701035251,5004002329,False,"Акционерное общество ""Мосвторцветмет""","Акционерное общество ""Волоколамскхлеб""",4280225,False,mismatch
18.04.2024,16.04.2024,False,9703103060,2320109650,False,"Публичное акционерное общество ""ВУШ Холдинг""","Публичное акционерное общество ""Интер РАО ЕЭС""",4280516,False,mismatch
19.04.2024,18.04.2024,False,5615002700,9703103060,False,"Публичное акционерное общество ""Орскнефтеоргсинтез""","Публичное акционерное общество ""ВУШ Холдинг""",4280890,False,mismatch
22.04.2024,18.04.2024,False,9703103060,5615002700,False,"Публичное акционерное общество ""ВУШ Холдинг""","Публичное акционерное общество ""Орскнефтеоргсинтез""",4281437,False,mismatch
23.04.2024,22.04.2024,False,9703103060,9703103060,True,"Публичное акционерное общество ""ВУШ Холдинг""","Публичное акционерное общество ""ВУШ Холдинг""",4282083,True,ok
23.04.2024,17.04.2024,False,7801012120,7701035251,False,"Публичное акционерное общество ""Прибой""","Акционерное общество ""Мосвторцветмет""",4282242,False,mismatch
23.04.2024,22.04.2024,False,7801061294,7801012120,False,"Акционерное общество ""Мощная Аппаратура Радиовещания и Телевидения""","Публичное акционерное общество ""Прибой""",4282267,False,mismatch
23.04.2024,22.04.2024,False,7801062273,7801061294,False,"Акционерное общество ""Российский институт мощного радиостроения""","Акционерное общество ""Мощная Аппаратура Радиовещания и Телевидения""",4282296,False,mismatch
24.04.2024,23.04.2024,False,9703103060,9703103060,True,"Публичное акционерное общество ""ВУШ Холдинг""","Публичное акционерное общество ""ВУШ Холдинг""",4282770,True,ok
25.04.2024,24.04.2024,False,9703103060,9703103060,True,"Публичное акционерное общество ""ВУШ Холдинг""","Публичное акционерное общество ""ВУШ Холдинг""",4283338,True,ok
26.04.2024,25.04.2024,False,9703103060,9703103060,True,"Публичное акционерное общество ""ВУШ Холдинг""","Публичное акционерное общество ""ВУШ Холдинг""",4284186,True,ok
27.04.2024,22.04.2024,False,7716814300,7801062273,False,"Публичное акционерное общество ""Европейская Электротехника""","Акционерное общество ""Российский институт мощного радиостроения""",4285494,False,mismatch
03.05.2024,26.04.2024,False,9703103060,9703103060,True,"Публичное акционерное общество ""ВУШ Холдинг""","Публичное акционерное общество ""ВУШ Холдинг""",4286413,True,ok
06.05.2024,02.05.2024,False,9703103060,9703103060,True,"Публичное акционерное общество ""ВУШ Холдинг""","Публичное акционерное общество ""ВУШ Холдинг""",4286878,True,ok
06.05.2024,06.05.2024,True,7707049388,9703103060,False,"Публичное акционерное общество ""Ростелеком""","Публичное акционерное общество ""ВУШ Холдинг""",4287272,False,mismatch
08.05.2024,03.05.2024,False,9703103060,7707049388,False,"Публичное акционерное общество ""ВУШ Холдинг""","Публичное акционерное общество ""Ростелеком""",4287840,False,mismatch
13.05.2024,08.05.2024,False,9703103060,9703103060,True,"Публичное акционерное общество ""ВУШ Холдинг""","Публичное акционерное общество ""ВУШ Холдинг""",4288585,True,ok
13.05.2024,13.05.2024,True,7707049388,9703103060,False,"Публичное акционерное общество ""Ростелеком""","Публичное акционерное общество ""ВУШ Холдинг""",4288731,False,mismatch
14.05.2024,13.05.2024,False,9703103060,7707049388,False,"Публичное акционерное общество ""ВУШ Холдинг""","Публичное акционерное общество ""Ростелеком""",4288828,False,mismatch
14.05.2024,28.02.2024,False,5403102702,5247004494,False,"Научно-производственное объединение ""ЭЛСИБ"" публичное акционерное общество","Акционерное общество ""Досчатинский завод медицинского оборудования""",4288899,False,mismatch
16.05.2024,14.05.2024,False,9703103060,9703103060,True,"Публичное акционерное общество ""ВУШ Холдинг""","Публичное акционерное общество ""ВУШ Холдинг""",4289889,True,ok
17.05.2024,16.05.2024,False,9703103060,9703103060,True,"Публичное акционерное общество ""ВУШ Холдинг""","Публичное акционерное общество ""ВУШ Холдинг""",4290521,True,ok
21.05.2024,17.05.2024,False,9703103060,9703103060,True,"Публичное акционерное общество ""ВУШ Холдинг""","Публичное акционерное общество ""ВУШ Холдинг""",4292132,True,ok
22.05.2024,27.04.2024,False,5905013774,7716814300,False,"Акционерное общество ""Такт""","Публичное акционерное общество ""Европейская Электротехника""",4292754,False,mismatch
22.05.2024,22.05.2024,True,6914000886,5905013774,False,"Публичное акционерное общество ""Электрооборудование тракторное и автомобильное""","Акционерное общество ""Такт""",4292919,False,mismatch
23.05.2024,10.04.2024,False,2613002843,5005013891,False,"Публичное акционерное общество  ""Левокумское""","Публичное акционерное общество ""Лесной""",4293609,False,mismatch
27.05.2024,23.05.2024,False,9703103060,9703103060,True,Публичное акционерное общество «ВУШ Холдинг»,"Публичное акционерное общество ""ВУШ Холдинг""",4294852,True,ok
28.05.2024,24.05.2024,False,9703103060,9703103060,True,"Публичное акционерное общество ""ВУШ Холдинг""",Публичное акционерное общество «ВУШ Холдинг»,4295376,True,ok
29.05.2024,27.05.2024,False,9703103060,9703103060,True,"Публичное акционерное общество ""ВУШ Холдинг""","Публичное акционерное общество ""ВУШ Холдинг""",4295811,True,ok
30.05.2024,15.04.2024,False,7202062130,7723010211,False,"Открытое акционерное  общество ""Тюменьхлебопродукт""","Публичное акционерное общество Специализированный застройщик ""Деметра""",4296371,False,mismatch
30.05.2024,21.05.2024,False,5321034434,6914000886,False,"Публичное акционерное общество ""Контур""","Публичное акционерное общество ""Электрооборудование тракторное и автомобильное""",4296373,False,mismatch
30.05.2024,28.05.2024,False,9703103060,9703103060,True,"Публичное акционерное общество ""ВУШ Холдинг""","Публичное акционерное общество ""ВУШ Холдинг""",4296530,True,ok
31.05.2024,29.05.2024,False,9703103060,9703103060,True,"Публичное акционерное общество ""ВУШ Холдинг""","Публичное акционерное общество ""ВУШ Холдинг""",4296988,True,ok
03.06.2024,30.05.2024,False,9703103060,9703103060,True,"Публичное акционерное общество ""ВУШ Холдинг""","Публичное акционерное общество ""ВУШ Холдинг""",4297325,True,ok
03.06.2024,30.05.2024,False,7710056096,7202062130,False,"Публичное акционерное общество ""Научно-Производственная и Коммерческая Фирма ""Фармацевтический импорт, экспорт""","Открытое акционерное общество ""Тюменьхлебопродукт""",4297554,False,mismatch
04.06.2024,31.05.2024,False,1660004878,9703103060,False,"Акционерное общество ""Казанский завод компрессорного машиностроения""","Публичное акционерное общество ""ВУШ Холдинг""",4298222,False,mismatch
06.06.2024,29.05.2024,False,5904000395,5321034434,False,"Публичное акционерное общество ""Пермская научно-производственная приборостроительная компания""","Публичное акционерное общество ""Контур""",4299021,False,mismatch
06.06.2024,04.06.2024,False,9703103060,1660004878,False,"Публичное акционерное общество ""ВУШ Холдинг""","Акционерное общество ""Казанский завод компрессорного машиностроения""",4299053,False,mismatch
07.06.2024,05.06.2024,False,9703103060,9703103060,True,"Публичное акционерное общество ""ВУШ Холдинг""","Публичное акционерное общество ""ВУШ Холдинг""",4299305,True,ok
07.06.2024,06.06.2024,False,5403102702,9703103060,False,"Научно-производственное объединение ""ЭЛСИБ"" публичное акционерное общество","Публичное акционерное общество ""ВУШ Холдинг""",4299318,False,mismatch
07.06.2024,13.05.2024,False,4345000947,5403102702,False,"Публичное акционерное общество ""Кировский завод ""Маяк""","Научно-производственное объединение ""ЭЛСИБ"" публичное акционерное общество",4299420,False,mismatch
10.06.2024,23.05.2024,False,5245000790,2613002843,False,"Публичное акционерное общество ""Богородский швейно-галантерейный комбинат""","Публичное акционерное общество ""Левокумское""",4299902,False,mismatch
11.06.2024,06.06.2024,False,5261001745,4345000947,False,"Публичное акционерное общество ""Нижегородский телевизионный завод им. В.И.Ленина""","Публичное акционерное общество ""Кировский завод ""Маяк""",4300260,False,mismatch
11.06.2024,07.06.2024,False,9703103060,5403102702,False,"Публичное акционерное общество ""ВУШ Холдинг""","Научно-производственное объединение ""ЭЛСИБ"" публичное акционерное общество",4300534,False,mismatch
13.06.2024,10.06.2024,False,6164077483,9703103060,False,"Публичное акционерное общество ""ЭсЭфАй""","Публичное акционерное общество ""ВУШ Холдинг""",4300770,False,mismatch
17.06.2024,13.06.2024,False,2466296741,6164077483,False,"АКЦИОНЕРНОЕ ОБЩЕСТВО ""ЧИСТЫЕ ЗЕМЛИ""","Публичное акционерное общество ""ЭсЭфАй""",4301535,False,mismatch
17.06.2024,17.06.2024,True,9703103060,2466296741,False,"Публичное акционерное общество ""ВУШ Холдинг""","АКЦИОНЕРНОЕ ОБЩЕСТВО ""ЧИСТЫЕ ЗЕМЛИ""",4301835,False,mismatch
18.06.2024,10.06.2024,False,2309001660,5261001745,False,"Публичное акционерное общество ""Россети Кубань""","Публичное акционерное общество ""Нижегородский телевизионный завод им. В.И.Ленина""",4302163,False,mismatch
18.06.2024,14.06.2024,False,9703103060,9703103060,True,"Публичное акционерное общество ""ВУШ Холдинг""","Публичное акционерное общество ""ВУШ Холдинг""",4302380,True,ok
19.06.2024,05.06.2024,False,8104000225,5904000395,False,"Публичное акционерное общество ""Кочеволес""","Публичное акционерное общество ""Пермская научно-производственная приборостроительная компания""",4302641,False,mismatch
19.06.2024,07.06.2024,False,5003003432,5245000790,False,"Публичное акционерное общество ""Агрокомбинат ""Московский""","Публичное акционерное общество ""Богородский швейно-галантерейный комбинат""",4302802,False,mismatch
20.06.2024,17.06.2024,False,9703103060,9703103060,True,"Публичное акционерное общество ""ВУШ Холдинг""","Публичное акционерное общество ""ВУШ Холдинг""",4303018,True,ok
20.06.2024,19.06.2024,False,6163002069,9703103060,False,Акционерное общество по строительству и реконструкции автомобильных дорог и аэродромов,"Публичное акционерное общество ""ВУШ Холдинг""",4303155,False,mismatch
21.06.2024,18.06.2024,False,9703103060,6163002069,False,"Публичное акционерное общество ""ВУШ Холдинг""",Акционерное общество по строительству и реконструкции автомобильных дорог и аэродромов,4303562,False,mismatch
21.06.2024,20.06.2024,False,1660004878,9703103060,False,"Акционерное общество ""Казанский завод компрессорного машиностроения""","Публичное акционерное общество ""ВУШ Холдинг""",4303796,False,mismatch
24.06.2024,20.06.2024,False,9703103060,1660004878,False,"Публичное акционерное общество ""ВУШ Холдинг""","Акционерное общество ""Казанский завод компрессорного машиностроения""",4304402,False,mismatch
25.06.2024,18.06.2024,False,1323010103,2309001660,False,"Публичное акционерное общество ""Ковылкинский электромеханический завод""","Публичное акционерное общество ""Россети Кубань""",4304553,False,mismatch
25.06.2024,18.06.2024,False,3232000246,8104000225,False,"Открытое акционерное общество ""Брянсксантехника""","Публичное акционерное общество ""Кочеволес""",4304607,False,mismatch
25.06.2024,21.06.2024,False,9703103060,9703103060,True,"Публичное акционерное общество ""ВУШ Холдинг""","Публичное акционерное общество ""ВУШ Холдинг""",4304623,True,ok
28.06.2024,24.06.2024,False,2466296741,9703103060,False,"АКЦИОНЕРНОЕ ОБЩЕСТВО ""ЧИСТЫЕ ЗЕМЛИ""","Публичное акционерное общество ""ВУШ Холдинг""",4306376,False,mismatch
28.06.2024,03.06.2024,False,7412000806,7710056096,False,"Акционерное общество ""Асбестоцемент""","Публичное акционерное общество ""Научно-Производственная и Коммерческая Фирма ""Фармацевтический импорт, экспорт""",4306402,False,mismatch
28.06.2024,28.06.2024,True,9703103060,2466296741,False,"Публичное акционерное общество ""ВУШ Холдинг""","АКЦИОНЕРНОЕ ОБЩЕСТВО ""ЧИСТЫЕ ЗЕМЛИ""",4306633,False,mismatch
03.07.2024,27.06.2024,False,9703103060,9703103060,True,"Публичное акционерное общество ""ВУШ Холдинг""","Публичное акционерное общество ""ВУШ Холдинг""",4309344,True,ok
03.07.2024,25.06.2024,False,1831002591,3232000246,False,"Публичное акционерное общество ""БыстроБанк""","Открытое акционерное общество ""Брянсксантехника""",4309764,False,mismatch
04.07.2024,02.07.2024,False,9703103060,9703103060,True,"Публичное акционерное общество ""ВУШ Холдинг""","Публичное акционерное общество ""ВУШ Холдинг""",4309987,True,ok
05.07.2024,03.07.2024,False,9703103060,9703103060,True,"Публичное акционерное общество ""ВУШ Холдинг""","Публичное акционерное общество ""ВУШ Холдинг""",4310532,True,ok
08.07.2024,04.07.2024,False,9703103060,9703103060,True,"Публичное акционерное общество ""ВУШ Холдинг""","Публичное акционерное общество ""ВУШ Холдинг""",4310766,True,ok
10.07.2024,05.07.2024,False,9703103060,9703103060,True,"Публичное акционерное общество ""ВУШ Холдинг""","Публичное акционерное общество ""ВУШ Холдинг""",4311702,True,ok
11.07.2024,09.07.2024,False,9703103060,9703103060,True,"Публичное акционерное общество ""ВУШ Холдинг""","Публичное акционерное общество ""ВУШ Холдинг""",4311918,True,ok
12.07.2024,10.07.2024,False,9703103060,9703103060,True,"Публичное акционерное общество ""ВУШ Холдинг""","Публичное акционерное общество ""ВУШ Холдинг""",4312264,True,ok
15.07.2024,23.05.2024,False,4009001415,7412000806,False,"Публичное акционерное общество ""Козельский механический завод""","Акционерное общество ""Асбестоцемент""",4312654,False,mismatch
16.07.2024,11.07.2024,False,1835012826,9703103060,False,"Публичное акционерное общество ""Ижевский завод нефтяного машиностроения""","Публичное акционерное общество ""ВУШ Холдинг""",4313252,False,mismatch
17.07.2024,16.07.2024,False,9703103060,1835012826,False,"Публичное акционерное общество ""ВУШ Холдинг""","Публичное акционерное общество ""Ижевский завод нефтяного машиностроения""",4313520,False,mismatch
19.07.2024,16.07.2024,False,9703103060,9703103060,True,"Публичное акционерное общество ""ВУШ Холдинг""","Публичное акционерное общество ""ВУШ Холдинг""",4314614,True,ok
22.07.2024,18.07.2024,False,9703103060,9703103060,True,"Публичное акционерное общество ""ВУШ Холдинг""","Публичное акционерное общество ""ВУШ Холдинг""",4314738,True,ok
22.07.2024,15.07.2024,False,7730028668,4009001415,False,"ПУБЛИЧНОЕ АКЦИОНЕРНОЕ ОБЩЕСТВО ""КИЕВСКОЕ""","Публичное акционерное общество ""Козельский механический завод""",4314825,False,mismatch
23.07.2024,19.07.2024,False,9703103060,9703103060,True,"Публичное акционерное общество ""ВУШ Холдинг""","Публичное акционерное общество ""ВУШ Холдинг""",4315514,True,ok
24.07.2024,22.07.2024,False,9703103060,9703103060,True,"Публичное акционерное общество ""ВУШ Холдинг""","Публичное акционерное общество ""ВУШ Холдинг""",4315717,True,ok
25.07.2024,25.06.2024,False,7831000027,1323010103,False,"ПУБЛИЧНОЕ АКЦИОНЕРНОЕ ОБЩЕСТВО ""БАНК ""САНКТ-ПЕТЕРБУРГ""","Публичное акционерное общество ""Ковылкинский электромеханический завод""",4316447,False,mismatch
26.07.2024,23.07.2024,False,9703103060,9703103060,True,"Публичное акционерное общество ""ВУШ Холдинг""","Публичное акционерное общество ""ВУШ Холдинг""",4316743,True,ok
29.07.2024,25.07.2024,False,9703103060,9703103060,True,"Публичное акционерное общество ""ВУШ Холдинг""","Публичное акционерное общество ""ВУШ Холдинг""",4317033,True,ok
30.07.2024,25.07.2024,False,7707067683,7831000027,False,"Публичное акционерное общество Страховая Компания ""Росгосстрах""","ПУБЛИЧНОЕ АКЦИОНЕРНОЕ ОБЩЕСТВО ""БАНК ""САНКТ-ПЕТЕРБУРГ""",4317688,False,mismatch
01.08.2024,02.07.2024,False,0264011929,1831002591,False,"Aкционерное общество ""Нефтекамская кожгалантерейная фабрика""","Публичное акционерное общество ""БыстроБанк""",4318249,False,mismatch
01.08.2024,24.07.2024,False,6914000886,0264011929,False,"Публичное акционерное общество ""Электрооборудование тракторное и автомобильное""","Aкционерное общество ""Нефтекамская кожгалантерейная фабрика""",4318532,False,mismatch
02.08.2024,26.07.2024,False,5404373487,9703103060,False,"Общество с ограниченной отвественностью ""Кузина""","Публичное акционерное общество ""ВУШ Холдинг""",4318645,False,mismatch
02.08.2024,20.07.2024,False,3402003455,7730028668,False,"Акционерное общество ""Быковское хлебоприемное предприятие""","ПУБЛИЧНОЕ АКЦИОНЕРНОЕ ОБЩЕСТВО ""КИЕВСКОЕ""",4318677,False,mismatch
05.08.2024,02.08.2024,False,7733021131,3402003455,False,"Публичное акционерное общество ""Автокомбинат № 36""","Акционерное общество ""Быковское хлебоприемное предприятие""",4319097,False,mismatch
05.08.2024,02.08.2024,False,1001004419,7733021131,False,"Публичное акционерное общество ""Карат""","Публичное акционерное общество ""Автокомбинат № 36""",4319159,False,mismatch
07.08.2024,01.08.2024,False,4205001098,5404373487,False,"Публичное акционерное общество ""ЧИФ-КУЗБАСС""","Общество с ограниченной отвественностью ""Кузина""",4319935,False,mismatch
08.08.2024,05.08.2024,False,5005013891,1001004419,False,"Публичное акционерное общество ""Лесной""","Публичное акционерное общество ""Карат""",4320095,False,mismatch
09.08.2024,06.08.2024,False,9703103060,4205001098,False,"Публичное акционерное общество ""ВУШ Холдинг""","Публичное акционерное общество ""ЧИФ-КУЗБАСС""",4320725,False,mismatch
13.08.2024,08.08.2024,False,9703103060,9703103060,True,"Публичное акционерное общество ""ВУШ Холдинг""","Публичное акционерное общество ""ВУШ Холдинг""",4321310,True,ok
14.08.2024,12.08.2024,False,9703103060,9703103060,True,"Публичное акционерное общество ""ВУШ Холдинг""","Публичное акционерное общество ""ВУШ Холдинг""",4321723,True,ok
15.08.2024,13.08.2024,False,6164077483,9703103060,False,"Публичное акционерное общество ""ЭсЭфАй""","Публичное акционерное общество ""ВУШ Холдинг""",4321986,False,mismatch
15.08.2024,15.08.2024,True,9703103060,6164077483,False,"Публичное акционерное общество ""ВУШ Холдинг""","Публичное акционерное общество ""ЭсЭфАй""",4322211,False,mismatch
15.08.2024,19.06.2024,False,7717016198,5003003432,False,"Публичное акционерное общество ""Гостиничный комплекс ""Космос""","Публичное акционерное общество ""Агрокомбинат ""Московский""",4322223,False,mismatch
16.08.2024,14.08.2024,False,5615002700,9703103060,False,"Публичное акционерное общество ""Орскнефтеоргсинтез""","Публичное акционерное общество ""ВУШ Холдинг""",4322411,False,mismatch
19.08.2024,16.08.2024,False,9703103060,5615002700,False,"Публичное акционерное общество ""ВУШ Холдинг""","Публичное акционерное общество ""Орскнефтеоргсинтез""",4322948,False,mismatch
20.08.2024,16.08.2024,False,9703103060,9703103060,True,"Публичное акционерное общество ""ВУШ Холдинг""","Публичное акционерное общество ""ВУШ Холдинг""",4323054,True,ok
20.08.2024,31.07.2024,False,7401000473,6914000886,False,"Публичное акционерное общество ""Ашинский металлургический завод""","Публичное акционерное общество ""Электрооборудование тракторное и автомобильное""",4323111,False,mismatch
23.08.2024,19.08.2024,False,4029030252,9703103060,False,"Публичное акционерное общество ""Калужская сбытовая компания""","Публичное акционерное общество ""ВУШ Холдинг""",4324283,False,mismatch
26.08.2024,23.08.2024,False,2309001660,4029030252,False,"Публичное акционерное общество ""Россети Кубань""","Публичное акционерное общество ""Калужская сбытовая компания""",4324433,False,mismatch
27.08.2024,23.08.2024,False,5261001745,2309001660,False,"Публичное акционерное общество ""Нижегородский телевизионный завод им. В.И.Ленина""","Публичное акционерное общество ""Россети Кубань""",4325093,False,mismatch
28.08.2024,26.08.2024,False,6627000770,5261001745,False,"Публичное акционерное общество ""Ревдинский завод по обработке цветных металлов""","Публичное акционерное общество ""Нижегородский телевизионный завод им. В.И.Ленина""",4325231,False,mismatch
29.08.2024,19.08.2024,False,5252000488,7401000473,False,"Публичное акционерное общество ""Медико-инструментальный завод им. М. Горького""","Публичное акционерное общество ""Ашинский металлургический завод""",4325688,False,mismatch
29.08.2024,27.08.2024,False,7707067683,6627000770,False,"Публичное акционерное общество Страховая Компания ""Росгосстрах""","Публичное акционерное общество ""Ревдинский завод по обработке цветных металлов""",4325830,False,mismatch
29.08.2024,29.08.2024,True,9703103060,7707067683,False,"Публичное акционерное общество ""ВУШ Холдинг""","Публичное акционерное общество Страховая Компания ""Росгосстрах""",4325889,False,mismatch
30.08.2024,28.08.2024,False,2330025991,9703103060,False,"Публичное акционерное общество ""Племзавод им. В.И. Чапаева""","Публичное акционерное общество ""ВУШ Холдинг""",4326065,False,mismatch
02.09.2024,08.08.2024,False,7801061294,5005013891,False,"Акционерное общество ""Мощная Аппаратура Радиовещания и Телевидения""","Публичное акционерное общество ""Лесной""",4326674,False,mismatch
03.09.2024,29.08.2024,False,7730060164,5252000488,False,Публичное акционерное общество РОСБАНК,"Публичное акционерное общество ""Медико-инструментальный завод им. М. Горького""",4327218,False,mismatch
05.09.2024,03.09.2024,False,7703082948,7730060164,False,"Публичное акционерное общество ""Акционерная Компания Мослифтмонтаж""",Публичное акционерное общество РОСБАНК,4327826,False,mismatch
11.09.2024,05.09.2024,False,5403102702,7703082948,False,"Научно-производственное объединение ""ЭЛСИБ"" публичное акционерное общество","Публичное акционерное общество ""Акционерная Компания Мослифтмонтаж""",4329089,False,mismatch
12.09.2024,29.08.2024,False,6450011500,2330025991,False,"Публичное акционерное общество ""Саратовнефтегаз""","Публичное акционерное общество ""Племзавод им. В.И. Чапаева""",4329296,False,mismatch
12.09.2024,11.09.2024,False,9703103060,6450011500,False,"Публичное акционерное общество ""ВУШ Холдинг""","Публичное акционерное общество ""Саратовнефтегаз""",4329508,False,mismatch
16.09.2024,15.08.2024,False,7601000022,7717016198,False,"Публичное акционерное общество ""Ярославский завод ""Красный Маяк""","Публичное акционерное общество ""Гостиничный комплекс ""Космос""",4330099,False,mismatch
17.09.2024,29.07.2024,False,6161029594,7707067683,False,"Публичное акционерное общество Инвестиционно-финансовая компания ""Сатурн""","Публичное акционерное общество Страховая Компания ""Росгосстрах""",4330645,False,mismatch
18.09.2024,11.09.2024,False,7601000551,9703103060,False,"Акционерное общество завод ""Пролетарская свобода""","Публичное акционерное общество ""ВУШ Холдинг""",4331103,False,mismatch
19.09.2024,16.09.2024,False,7702336269,7601000551,False,"Публичное акционерное общество ""ИНГРАД""","Акционерное общество завод ""Пролетарская свобода""",4331509,False,mismatch
20.09.2024,10.01.2024,False,5028015253,2349006287,False,"Публичное акционерное общество ""Можайский полиграфический комбинат""","Публичное акционерное общество ""Славянский кирпич""",4331868,False,mismatch
20.09.2024,30.08.2024,False,7706037943,7801061294,False,"Акционерное общество ""МОСТЕПЛОСЕТЬСТРОЙ""","Акционерное общество ""Мощная Аппаратура Радиовещания и Телевидения""",4331947,False,mismatch
24.09.2024,19.09.2024,False,6704000505,7702336269,False,"Публичное акционерное общество ""Дорогобуж""","Публичное акционерное общество ""ИНГРАД""",4332664,False,mismatch
26.09.2024,10.09.2024,False,5010003803,5403102702,False,"Публичное акционерное общество ""Приборный завод ""ТЕНЗОР""","Научно-производственное объединение ""ЭЛСИБ"" публичное акционерное общество",4333501,False,mismatch
26.09.2024,20.09.2024,False,2308024086,7706037943,False,"Публичное акционерное общество ""Кубинтерсвязь""","Акционерное общество ""МОСТЕПЛОСЕТЬСТРОЙ""",4333626,False,mismatch
01.10.2024,24.09.2024,False,1660004878,6704000505,False,"Акционерное общество ""Казанский завод компрессорного машиностроения""","Публичное акционерное общество ""Дорогобуж""",4334998,False,mismatch
07.10.2024,26.09.2024,False,5245000790,2308024086,False,"Публичное акционерное общество ""Богородский швейно-галантерейный комбинат""","Публичное акционерное общество ""Кубинтерсвязь""",4336458,False,mismatch
08.10.2024,07.10.2024,False,8104000225,5245000790,False,"Публичное акционерное общество ""Кочеволес""","Публичное акционерное общество ""Богородский швейно-галантерейный комбинат""",4336679,False,mismatch
08.10.2024,01.10.2024,False,9703103060,1660004878,False,"Публичное акционерное общество ""ВУШ Холдинг""","Акционерное общество ""Казанский завод компрессорного машиностроения""",4336721,False,mismatch
10.10.2024,16.09.2024,False,4345000947,7601000022,False,"Публичное акционерное общество ""Кировский завод ""Маяк""","Публичное акционерное общество ""Ярославский завод ""Красный Маяк""",4337434,False,mismatch
10.10.2024,07.10.2024,False,9703103060,9703103060,True,"Публичное акционерное общество ""ВУШ Холдинг""","Публичное акционерное общество ""ВУШ Холдинг""",4337453,True,ok
14.10.2024,09.10.2024,False,9703103060,9703103060,True,"Публичное акционерное общество ""ВУШ Холдинг""","Публичное акционерное общество ""ВУШ Холдинг""",4338099,True,ok
14.10.2024,11.10.2024,False,7401000473,9703103060,False,"Публичное акционерное общество ""Ашинский металлургический завод""","Публичное акционерное общество ""ВУШ Холдинг""",4338245,False,mismatch
16.10.2024,11.10.2024,False,9717054493,7401000473,False,"Общество с ограниченной ответственностью Микрофинансовая компания ""Фордевинд""","Публичное акционерное общество ""Ашинский металлургический завод""",4338797,False,mismatch
17.10.2024,15.10.2024,False,9703103060,9717054493,False,"Публичное акционерное общество ""ВУШ Холдинг""","Общество с ограниченной ответственностью Микрофинансовая компания ""Фордевинд""",4339365,False,mismatch
21.10.2024,16.10.2024,False,9703103060,9703103060,True,"Публичное акционерное общество ""ВУШ Холдинг""","Публичное акционерное общество ""ВУШ Холдинг""",4339959,True,ok
21.10.2024,18.10.2024,False,6161021690,9703103060,False,"Ростовский вертолетный производственный комплекс Публичное акционерное общество ""Роствертол"" имени Б.Н.Слюсаря","Публичное акционерное общество ""ВУШ Холдинг""",4340152,False,mismatch
22.10.2024,18.10.2024,False,9703103060,6161021690,False,"Публичное акционерное общество ""ВУШ Холдинг""","Ростовский вертолетный производственный комплекс Публичное акционерное общество ""Роствертол"" имени Б.Н.Слюсаря",4340454,False,mismatch
22.10.2024,10.10.2024,False,4702000048,4345000947,False,"Публичное акционерное общество ""Волховчанка""","Публичное акционерное общество ""Кировский завод ""Маяк""",4340634,False,mismatch
23.10.2024,21.10.2024,False,9703103060,9703103060,True,"Публичное акционерное общество ""ВУШ Холдинг""","Публичное акционерное общество ""ВУШ Холдинг""",4340934,True,ok
24.10.2024,22.10.2024,False,6624002377,4702000048,False,"Публичное акционерное общество ""Нижнетуринский машиностроительный завод ""Вента""","Публичное акционерное общество ""Волховчанка""",4341168,False,mismatch
24.10.2024,22.10.2024,False,9703103060,9703103060,True,"Публичное акционерное общество ""ВУШ Холдинг""","Публичное акционерное общество ""ВУШ Холдинг""",4341311,True,ok
24.10.2024,26.09.2024,False,6904018394,5010003803,False,"Открытое Акционерное Общество ""Тверская фармацевтическая фабрика""","Публичное акционерное общество ""Приборный завод ""ТЕНЗОР""",4341365,False,mismatch
25.10.2024,23.10.2024,False,9703103060,9703103060,True,"Публичное акционерное общество ""ВУШ Холдинг""","Публичное акционерное общество ""ВУШ Холдинг""",4341496,True,ok
28.10.2024,24.10.2024,False,9703103060,9703103060,True,"Публичное акционерное общество ""ВУШ Холдинг""","Публичное акционерное общество ""ВУШ Холдинг""",4341881,True,ok
29.10.2024,25.10.2024,False,9703103060,9703103060,True,"Публичное акционерное общество ""ВУШ Холдинг""","Публичное акционерное общество ""ВУШ Холдинг""",4342357,True,ok
29.10.2024,07.10.2024,False,1831002591,8104000225,False,"Публичное акционерное общество ""БыстроБанк""","Публичное акционерное общество ""Кочеволес""",4342514,False,mismatch
30.10.2024,28.10.2024,False,9703103060,9703103060,True,"Публичное акционерное общество ""ВУШ Холдинг""","Публичное акционерное общество ""ВУШ Холдинг""",4342881,True,ok
31.10.2024,29.10.2024,False,9703103060,9703103060,True,"Публичное акционерное общество ""ВУШ Холдинг""","Публичное акционерное общество ""ВУШ Холдинг""",4343086,True,ok
01.11.2024,24.10.2024,False,2310013155,6904018394,False,"Акционерное общество ""Электрогаз""","Открытое Акционерное Общество ""Тверская фармацевтическая фабрика""",4343383,False,mismatch
01.11.2024,30.10.2024,False,9703103060,9703103060,True,"Публичное акционерное общество ""ВУШ Холдинг""","Публичное акционерное общество ""ВУШ Холдинг""",4343427,True,ok
01.11.2024,31.10.2024,False,2315014748,9703103060,False,"Публичное акционерное общество ""Новороссийский комбинат хлебопродуктов""","Публичное акционерное общество ""ВУШ Холдинг""",4343500,False,mismatch
01.11.2024,28.10.2024,False,2613002843,1831002591,False,"Публичное акционерное общество  ""Левокумское""","Публичное акционерное общество ""БыстроБанк""",4343568,False,mismatch
02.11.2024,01.11.2024,False,8609002880,2315014748,False,"Публичное акционерное общество ""Варьеганнефть""","Публичное акционерное общество ""Новороссийский комбинат хлебопродуктов""",4343823,False,mismatch
02.11.2024,24.10.2024,False,3527000989,6624002377,False,"Публичное акционерное общество ""Сокольский целлюлозно-бумажный комбинат""","Публичное акционерное общество ""Нижнетуринский машиностроительный завод ""Вента""",4343880,False,mismatch
02.11.2024,01.11.2024,False,9703103060,8609002880,False,"Публичное акционерное общество ""ВУШ Холдинг""","Публичное акционерное общество ""Варьеганнефть""",4343909,False,mismatch
02.11.2024,01.11.2024,False,7727547261,9703103060,False,"Публичное акционерное общество ""СИБУР Холдинг""","Публичное акционерное общество ""ВУШ Холдинг""",4344124,False,mismatch
05.11.2024,01.11.2024,False,9703103060,7727547261,False,"Публичное акционерное общество ""ВУШ Холдинг""","Публичное акционерное общество ""СИБУР Холдинг""",4344168,False,mismatch
05.11.2024,31.10.2024,False,7804041659,2310013155,False,"Акционерное общество ""Оптические медицинские приборы ""Оптимед""","Акционерное общество ""Электрогаз""",4344253,False,mismatch
06.11.2024,02.11.2024,False,9703103060,9703103060,True,"Публичное акционерное общество ""ВУШ Холдинг""","Публичное акционерное общество ""ВУШ Холдинг""",4344667,True,ok
07.11.2024,05.11.2024,False,9703103060,9703103060,True,"Публичное акционерное общество ""ВУШ Холдинг""","Публичное акционерное общество ""ВУШ Холдинг""",4344938,True,ok
07.11.2024,05.11.2024,False,6149002370,7804041659,False,"Публичное акционерное общество ""Миллеровский элеватор""","Акционерное общество ""Оптические медицинские приборы ""Оптимед""",4345253,False,mismatch
08.11.2024,06.11.2024,False,9703103060,9703103060,True,"Публичное акционерное общество ""ВУШ Холдинг""","Публичное акционерное общество ""ВУШ Холдинг""",4345569,True,ok
11.11.2024,07.11.2024,False,9703103060,9703103060,True,"Публичное акционерное общество ""ВУШ Холдинг""","Публичное акционерное общество ""ВУШ Холдинг""",4345652,True,ok
12.11.2024,01.11.2024,False,2429001238,3527000989,False,"Публичное акционерное общество ""Интикульское""","Публичное акционерное общество ""Сокольский целлюлозно-бумажный комбинат""",4346004,False,mismatch
12.11.2024,08.11.2024,False,9703103060,9703103060,True,"Публичное акционерное общество ""ВУШ Холдинг""","Публичное акционерное общество ""ВУШ Холдинг""",4346208,True,ok
12.11.2024,07.11.2024,False,2310007715,6149002370,False,"Акционерное общество ""Краснодарский ЗИП""","Публичное акционерное общество ""Миллеровский элеватор""",4346330,False,mismatch
15.11.2024,11.11.2024,False,6232000019,2429001238,False,"Публичное акционерное общество ""Саста""","Публичное акционерное общество ""Интикульское""",4347404,False,mismatch
18.11.2024,17.09.2024,False,1215005177,6161029594,False,"Публичное акционерное общество ""Земля-инвест""","Публичное акционерное общество Инвестиционно-финансовая компания ""Сатурн""",4347570,False,mismatch
18.11.2024,11.11.2024,False,7702336269,2310007715,False,"Публичное акционерное общество ""ИНГРАД""","Акционерное общество ""Краснодарский ЗИП""",4347599,False,mismatch
19.11.2024,15.11.2024,False,5918005160,6232000019,False,"Акционерное общество ""Лысьвенский завод эмалированной посуды""","Публичное акционерное общество ""Саста""",4348182,False,mismatch
22.11.2024,18.11.2024,False,5005001543,7702336269,False,"Публичное акционерное общество ""Барановское""","Публичное акционерное общество ""ИНГРАД""",4349298,False,mismatch
26.11.2024,11.11.2024,False,6161029594,9703103060,False,"Публичное акционерное общество Инвестиционно-финансовая компания ""Сатурн""","Публичное акционерное общество ""ВУШ Холдинг""",4350431,False,mismatch
29.11.2024,25.11.2024,False,7716748537,6161029594,False,"Общество с ограниченной ответственностью Микрофинансовая компания ""ЭйрЛоанс""","Публичное акционерное общество Инвестиционно-финансовая компания ""Сатурн""",4351469,False,mismatch
29.11.2024,28.11.2024,False,1660004878,7716748537,False,"Акционерное общество ""Казанский завод компрессорного машиностроения""","Общество с ограниченной ответственностью Микрофинансовая компания ""ЭйрЛоанс""",4351541,False,mismatch
03.12.2024,29.11.2024,False,4100000668,1660004878,False,"Публичное акционерное общество энергетики и электрификации ""Камчатскэнерго""","Акционерное общество ""Казанский завод компрессорного машиностроения""",4352364,False,mismatch
03.12.2024,27.10.2024,False,4100000668,4100000668,True,"Публичное акционерное общество энергетики и электрификации ""Камчатскэнерго""","Публичное акционерное общество энергетики и электрификации ""Камчатскэнерго""",4352367,True,ok
03.12.2024,01.11.2024,False,5321034434,2613002843,False,"Публичное акционерное общество ""Контур""","Публичное акционерное общество ""Левокумское""",4352612,False,mismatch
04.12.2024,28.10.2024,False,7601000551,4100000668,False,"Акционерное общество завод ""Пролетарская свобода""","Публичное акционерное общество энергетики и электрификации ""Камчатскэнерго""",4352832,False,mismatch
17.12.2024,03.12.2024,False,7703082948,5321034434,False,"Публичное акционерное общество ""Акционерная Компания Мослифтмонтаж""","Публичное акционерное общество ""Контур""",4357012,False,mismatch
19.12.2024,16.09.2024,False,7716748537,7601000551,False,"Общество с ограниченной ответственностью Микрофинансовая компания ""ЭйрЛоанс""","Акционерное общество завод ""Пролетарская свобода""",4357997,False,mismatch
19.12.2024,17.12.2024,False,7717016198,7703082948,False,"Публичное акционерное общество ""Гостиничный комплекс ""Космос""","Публичное акционерное общество ""Акционерная Компания Мослифтмонтаж""",4358124,False,mismatch
20.12.2024,18.12.2024,False,5261001745,7716748537,False,"Публичное акционерное общество ""Нижегородский телевизионный завод им. В.И.Ленина""","Общество с ограниченной ответственностью Микрофинансовая компания ""ЭйрЛоанс""",4358339,False,mismatch
20.12.2024,21.11.2024,False,4205109214,5005001543,False,"Публичное акционерное общество ""Кузбасская энергетическая сбытовая компания""","Публичное акционерное общество ""Барановское""",4358408,False,mismatch
26.12.2024,20.12.2024,False,7202029735,5261001745,False,"Публичное акционерное общество ""Обь-Иртышское речное пароходство""","Публичное акционерное общество ""Нижегородский телевизионный завод им. В.И.Ленина""",4360800,False,mismatch
27.12.2024,19.12.2024,False,5942400228,4205109214,False,"Акционерное общество ""Нытва""","Публичное акционерное общество ""Кузбасская энергетическая сбытовая компания""",4360925,False,mismatch
27.12.2024,26.12.2024,False,7704028125,7202029735,False,"Публичное акционерное общество ""Газпром автоматизация""","Публичное акционерное общество ""Обь-Иртышское речное пароходство""",4360987,False,mismatch
28.12.2024,26.12.2024,False,7730060164,7704028125,False,Публичное акционерное общество РОСБАНК,"Публичное акционерное общество ""Газпром автоматизация""",4361708,False,mismatch
14.01.2025,28.12.2024,False,6320004816,5262001265,False,"Публичное акционерное общество ""Порт Тольятти""","Акционерное общество ""Нижегородский институт технологии и организации производства""",4364302,False,mismatch
15.01.2025,13.01.2025,False,5252000470,6320004816,False,"Акционерное общество ""Гидроагрегат""","Публичное акционерное общество ""Порт Тольятти""",4364685,False,mismatch
16.01.2025,14.01.2025,False,7900000341,5252000470,False,"Публичное акционерное общество ""Биробиджанстрой""","Акционерное общество ""Гидроагрегат""",4364888,False,mismatch
24.01.2025,20.01.2025,False,5504036333,6704000505,False,"Публичное акционерное общество ""Газпром нефть""","Публичное акционерное общество ""Дорогобуж""",4367431,False,mismatch
27.01.2025,24.01.2025,False,5200000222,5504036333,False,"Публичное акционерное общество ""НБД-Банк""","Публичное акционерное общество ""Газпром нефть""",4367512,False,mismatch
27.01.2025,20.01.2025,False,6914000886,5003003432,False,"Публичное акционерное общество ""Электрооборудование тракторное и автомобильное""","Публичное акционерное общество ""Агрокомбинат ""Московский""",4367830,False,mismatch
31.01.2025,27.01.2025,False,7401000473,6914000886,False,"Публичное акционерное общество ""Ашинский металлургический завод""","Публичное акционерное общество ""Электрооборудование тракторное и автомобильное""",4369241,False,mismatch
03.02.2025,27.01.2025,False,7718183890,5200000222,False,"Акционерное общество ""Производственный комплекс ХК ЭЛЕКТРОЗАВОД""","Публичное акционерное общество ""НБД-Банк""",4370025,False,mismatch
11.02.2025,03.02.2025,False,5615002700,7718183890,False,"Публичное акционерное общество ""Орскнефтеоргсинтез""","Акционерное общество ""Производственный комплекс ХК ЭЛЕКТРОЗАВОД""",4372473,False,mismatch
13.02.2025,14.01.2025,False,2356005982,5010003803,False,"Публичное акционерное общество агропромышленная фирма ""Мир""","Публичное акционерное общество ""Приборный завод ""ТЕНЗОР""",4373122,False,mismatch
20.02.2025,30.01.2025,False,4702000048,7401000473,False,"Публичное акционерное общество ""Волховчанка""","Публичное акционерное общество ""Ашинский металлургический завод""",4375406,False,mismatch
21.02.2025,30.01.2025,False,4909047613,7729003482,False,"Публичное акционерное общество ""Магаданский морской торговый порт""","""Акционерный коммерческий банк ""Держава"" публичное акционерное общество""",4375655,False,mismatch
26.02.2025,25.02.2025,False,7720518494,7720518494,True,"Публичное акционерное общество ""Московская объединенная энергетическая компания""","Публичное акционерное общество ""Московская объединенная энергетическая компания""",4377117,True,ok
07.03.2025,20.02.2025,False,2429001238,4702000048,False,"Публичное акционерное общество ""Интикульское""","Публичное акционерное общество ""Волховчанка""",4380737,False,mismatch
07.03.2025,15.01.2025,False,8609002880,7900000341,False,"Публичное акционерное общество ""Варьеганнефть""","Публичное акционерное общество ""Биробиджанстрой""",4381048,False,mismatch
26.02.2025,10.02.2025,False,7720518494,5615002700,False,"Публичное акционерное общество ""Московская объединенная энергетическая компания""","Публичное акционерное общество ""Орскнефтеоргсинтез""",4381422,False,mismatch
12.03.2025,25.02.2025,False,2460066195,7720518494,False,"Публичное акционерное общество ""Федеральная гидрогенерирующая компания - РусГидро""","Публичное акционерное общество ""Московская объединенная энергетическая компания""",4382737,False,mismatch
12.03.2025,11.03.2025,False,2460066195,2460066195,True,"Публичное акционерное общество ""Федеральная гидрогенерирующая компания - РусГидро""","Публичное акционерное общество ""Федеральная гидрогенерирующая компания - РусГидро""",4382739,True,ok
12.03.2025,11.03.2025,False,2320109650,2460066195,False,"Публичное акционерное общество ""Интер РАО ЕЭС""","Публичное акционерное общество ""Федеральная гидрогенерирующая компания - РусГидро""",4382795,False,mismatch
19.03.2025,12.02.2025,False,2451000180,2356005982,False,"Публичное акционерное общество ""Торговый центр ""Красноярье""","Публичное акционерное общество агропромышленная фирма ""Мир""",4384858,False,mismatch
19.03.2025,12.03.2025,False,7809000409,2320109650,False,"Открытое акционерное общество Монтажно-технологическое управление ""Орион""","Публичное акционерное общество ""Интер РАО ЕЭС""",4385206,False,mismatch
21.03.2025,06.03.2025,False,6232000019,2429001238,False,"Публичное акционерное общество ""Саста""","Публичное акционерное общество ""Интикульское""",4386258,False,mismatch
24.03.2025,07.03.2025,False,4029030252,8609002880,False,"Публичное акционерное общество ""Калужская сбытовая компания""","Публичное акционерное общество ""Варьеганнефть""",4386574,False,mismatch
27.03.2025,19.03.2025,False,7608000230,2451000180,False,"Акционерное общество ""Залесье""","Публичное акционерное общество ""Торговый центр ""Красноярье""",4388458,False,mismatch
27.03.2025,21.03.2025,False,3527000989,6232000019,False,"Публичное акционерное общество ""Сокольский целлюлозно-бумажный комбинат""","Публичное акционерное общество ""Саста""",4388583,False,mismatch
31.03.2025,24.03.2025,False,7725008666,4029030252,False,"Публичное акционерное общество ""Объединение Орджоникидзе 11""","Публичное акционерное общество ""Калужская сбытовая компания""",4389568,False,mismatch
01.04.2025,19.03.2025,False,7736050003,7809000409,False,"Публичное акционерное общество ""Газпром""","Открытое акционерное общество Монтажно-технологическое управление ""Орион""",4390542,False,mismatch
01.04.2025,31.03.2025,False,7841312071,7736050003,False,"Публичное акционерное общество ""Территориальная генерирующая компания №1""","Публичное акционерное общество ""Газпром""",4390617,False,mismatch
04.04.2025,27.03.2025,False,5918005160,3527000989,False,"Акционерное общество ""Лысьвенский завод эмалированной посуды""","Публичное акционерное общество ""Сокольский целлюлозно-бумажный комбинат""",4391988,False,mismatch
07.04.2025,31.03.2025,False,5406011813,7725008666,False,"АКЦИОНЕРНОЕ ОБЩЕСТВО ""НОВОСИБИРСКИЙ ГОСУДАРСТВЕННЫЙ ПРОЕКТНЫЙ ИНСТИТУТ""","Публичное акционерное общество ""Объединение Орджоникидзе 11""",4392518,False,mismatch
16.04.2025,31.03.2025,False,6161029594,7841312071,False,"Публичное акционерное общество Инвестиционно-финансовая компания ""Сатурн""","Публичное акционерное общество ""Территориальная генерирующая компания №1""",4395906,False,mismatch
17.04.2025,27.03.2025,False,5252000488,7608000230,False,"Публичное акционерное общество ""Медико-инструментальный завод им. М. Горького""","Акционерное общество ""Залесье""",4396352,False,mismatch
22.04.2025,15.04.2025,False,7705035012,6161029594,False,"Публичное акционерное общество энергетики и электрификации ""Мосэнерго""","Публичное акционерное общество Инвестиционно-финансовая компания ""Сатурн""",4398459,False,mismatch
28.04.2025,17.04.2025,False,5025001397,5252000488,False,"Публичное акционерное общество ""Лобненский завод строительного фарфора""","Публичное акционерное общество ""Медико-инструментальный завод им. М. Горького""",4400944,False,mismatch
28.04.2025,28.04.2025,True,7622000418,5025001397,False,"Публичное акционерное общество ""Имени В.И.Ленина""","Публичное акционерное общество ""Лобненский завод строительного фарфора""",4401057,False,mismatch
29.04.2025,22.04.2025,False,6229009163,7705035012,False,"Публичное акционерное общество ""Тяжпрессмаш""","Публичное акционерное общество энергетики и электрификации ""Мосэнерго""",4401708,False,mismatch
05.05.2025,28.04.2025,False,5615002700,6229009163,False,"Публичное акционерное общество ""Орскнефтеоргсинтез""","Публичное акционерное общество ""Тяжпрессмаш""",4403727,False,mismatch
06.05.2025,01.04.2025,False,7707036879,5406011813,False,"Акционерное общество ""МОСЖИЛРЕМСЕРВИС""","АКЦИОНЕРНОЕ ОБЩЕСТВО ""НОВОСИБИРСКИЙ ГОСУДАРСТВЕННЫЙ ПРОЕКТНЫЙ ИНСТИТУТ""",4404723,False,mismatch
07.05.2025,06.05.2025,False,6509000854,7707036879,False,"Публичное акционерное общество ""Сахалинское морское пароходство""","Акционерное общество ""МОСЖИЛРЕМСЕРВИС""",4404892,False,mismatch
12.05.2025,30.04.2025,False,7702336269,5615002700,False,"Публичное акционерное общество ""ИНГРАД""","Публичное акционерное общество ""Орскнефтеоргсинтез""",4405480,False,mismatch
13.05.2025,03.04.2025,False,2310007715,5918005160,False,"Акционерное общество ""Краснодарский ЗИП""","Акционерное общество ""Лысьвенский завод эмалированной посуды""",4406208,False,mismatch
14.05.2025,12.05.2025,False,7601000022,2310007715,False,"Публичное акционерное общество ""Ярославский завод ""Красный Маяк""","Акционерное общество ""Краснодарский ЗИП""",4406441,False,mismatch
21.05.2025,12.05.2025,False,4029030252,7702336269,False,"Публичное акционерное общество ""Калужская сбытовая компания""","Публичное акционерное общество ""ИНГРАД""",4409766,False,mismatch
22.05.2025,28.04.2025,False,7224008168,7622000418,False,"Публичное акционерное общество ""Успенское""","Публичное акционерное общество ""Имени В.И.Ленина""",4410377,False,mismatch
29.05.2025,21.05.2025,False,9204021090,4029030252,False,"ПУБЛИЧНОЕ АКЦИОНЕРНОЕ ОБЩЕСТВО ""СЕВАСТОПОЛЬ-БАКАЛЕЯ""","Публичное акционерное общество ""Калужская сбытовая компания""",4414023,False,mismatch
30.05.2025,21.05.2025,False,7804080182,7224008168,False,"Публичное акционерное общество ""НОРД-ОВОЩ""","Публичное акционерное общество ""Успенское""",4414813,False,mismatch
02.06.2025,20.02.2025,False,9718236471,4909047613,False,"Публичное акционерное общество ""Каршеринг Руссия""","Публичное акционерное общество ""Магаданский морской торговый порт""",4415251,False,mismatch
04.06.2025,30.05.2025,False,5902113957,9718236471,False,"Публичное акционерное общество ""Инвестиционная компания ""Ермак""","Публичное акционерное общество ""Каршеринг Руссия""",4417074,False,mismatch
06.06.2025,29.05.2025,False,4909047613,9204021090,False,"Публичное акционерное общество ""Магаданский морской торговый порт""","ПУБЛИЧНОЕ АКЦИОНЕРНОЕ ОБЩЕСТВО ""СЕВАСТОПОЛЬ-БАКАЛЕЯ""",4418004,False,mismatch
24.06.2025,05.06.2025,False,6161029594,4909047613,False,"Публичное акционерное общество Инвестиционно-финансовая компания ""Сатурн""","Публичное акционерное общество ""Магаданский морской торговый порт""",4423546,False,mismatch
24.06.2025,06.05.2025,False,2310043294,6509000854,False,"Открытое акционерное общество ""Масложиркомбинат ""Краснодарский""","Публичное акционерное общество ""Сахалинское морское пароходство""",4424002,False,mismatch
24.06.2025,24.06.2025,True,5835000698,2310043294,False,"Публичное акционерное общество ""Пензенский завод компрессорного машиностроения""","Открытое акционерное общество ""Масложиркомбинат ""Краснодарский""",4424007,False,mismatch
26.06.2025,04.06.2025,False,7719402047,5902113957,False,"ОБЩЕСТВО С ОГРАНИЧЕННОЙ ОТВЕТСТВЕННОСТЬЮ ""МОТОРИКА""","Публичное акционерное общество ""Инвестиционная компания ""Ермак""",4425179,False,mismatch
30.06.2025,24.06.2025,False,3015012854,5835000698,False,"Публичное акционерное общество ""Астраханский порт""","Публичное акционерное общество ""Пензенский завод компрессорного машиностроения""",4426587,False,mismatch
03.07.2025,26.06.2025,False,7203001796,7719402047,False,"Публичное акционерное общество ""Запсибгазпром""","ОБЩЕСТВО С ОГРАНИЧЕННОЙ ОТВЕТСТВЕННОСТЬЮ ""МОТОРИКА""",4429373,False,mismatch
09.07.2025,30.05.2025,False,4715003007,7804080182,False,"Публичное акционерное общество ""Сельскохозяйственное предприятие Андреевское""","Публичное акционерное общество ""НОРД-ОВОЩ""",4430862,False,mismatch
09.07.2025,09.07.2025,True,4717001460,4715003007,False,"Публичное акционерное общество ""Племенной завод ""Торосово""""","Публичное акционерное общество ""Сельскохозяйственное предприятие Андреевское""",4430866,False,mismatch
11.07.2025,02.07.2025,False,7705903220,7203001796,False,"Акционерное  общество ""Созидание""","Публичное акционерное общество ""Запсибгазпром""",4431991,False,mismatch
22.07.2025,23.06.2025,False,2460066195,6161029594,False,"Публичное акционерное общество ""Федеральная гидрогенерирующая компания - РусГидро""","Публичное акционерное общество Инвестиционно-финансовая компания ""Сатурн""",4435047,False,mismatch
28.07.2025,14.05.2025,False,7900000341,7601000022,False,"Публичное акционерное общество ""Биробиджанстрой""","Публичное акционерное общество ""Ярославский завод ""Красный Маяк""",4436549,False,mismatch
28.07.2025,22.07.2025,False,9201505791,2460066195,False,"ПУБЛИЧНОЕ АКЦИОНЕРНОЕ ОБЩЕСТВО ""СЕВАСТОПОЛЬСКИЙ ЗАВОД ""СПЕКТР"", Публичное акционерное общество ""Севастопольский завод ""Спектр"".","Публичное акционерное общество ""Федеральная гидрогенерирующая компания - РусГидро""",4436770,False,mismatch
31.07.2025,25.07.2025,False,6164266561,9201505791,False,"Публичное акционерное общество ""Россети Юг""","ПУБЛИЧНОЕ АКЦИОНЕРНОЕ ОБЩЕСТВО ""СЕВАСТОПОЛЬСКИЙ ЗАВОД ""СПЕКТР"", Публичное акционерное общество ""Севастопольский завод ""Спектр"".",4437988,False,mismatch
31.07.2025,30.06.2025,False,9704168849,3015012854,False,"Публичное акционерное общество ""СмартТехГрупп""","Публичное акционерное общество ""Астраханский порт""",4438236,False,mismatch
08.08.2025,31.07.2025,False,1835012826,6164266561,False,"Публичное акционерное общество ""Ижевский завод нефтяного машиностроения""","Публичное акционерное общество ""Россети Юг""",4440801,False,mismatch
12.08.2025,07.08.2025,False,5902113957,1835012826,False,"Публичное акционерное общество ""Инвестиционная компания ""Ермак""","Публичное акционерное общество ""Ижевский завод нефтяного машиностроения""",4441623,False,mismatch
12.08.2025,09.07.2025,False,4720002778,4717001460,False,"Публичное акционерное общество ""Предпортовый""","Публичное акционерное общество ""Племенной завод ""Торосово""""",4441749,False,mismatch
13.08.2025,12.08.2025,False,5403102702,5902113957,False,"Научно-производственное объединение ""ЭЛСИБ"" публичное акционерное общество","Публичное акционерное общество ""Инвестиционная компания ""Ермак""",4441878,False,mismatch
13.08.2025,12.08.2025,False,5615002700,5403102702,False,"Публичное акционерное общество ""Орскнефтеоргсинтез""","Научно-производственное объединение ""ЭЛСИБ"" публичное акционерное общество",4441947,False,mismatch
19.08.2025,30.07.2025,False,1327039199,9704168849,False,"Публичное акционерное общество ""Ремстрой""","Публичное акционерное общество ""СмартТехГрупп""",4443861,False,mismatch
21.08.2025,12.08.2025,False,7725043886,5615002700,False,"Публичное акционерное общество ""Завод имени И.А. Лихачева""","Публичное акционерное общество ""Орскнефтеоргсинтез""",4444752,False,mismatch
26.08.2025,11.07.2025,False,9703103060,7705903220,False,"Публичное акционерное общество ""ВУШ Холдинг""","Акционерное общество ""Созидание""",4445817,False,mismatch
26.08.2025,18.08.2025,False,0268008010,1327039199,False,"Акционерное общество ""Башкирская содовая компания""","Публичное акционерное общество ""Ремстрой""",4446072,False,mismatch
02.09.2025,12.08.2025,False,9204021090,4720002778,False,"ПУБЛИЧНОЕ АКЦИОНЕРНОЕ ОБЩЕСТВО ""СЕВАСТОПОЛЬ-БАКАЛЕЯ""","Публичное акционерное общество ""Предпортовый""",4448109,False,mismatch
09.09.2025,21.08.2025,False,6315376946,5508000306,False,"Публичное акционерное общество ""Т Плюс""","Публичное Акционерное Общество ""Иртышское пароходство""",4450495,False,mismatch
15.09.2025,09.09.2025,False,9201505791,6315376946,False,"ПУБЛИЧНОЕ АКЦИОНЕРНОЕ ОБЩЕСТВО ""СЕВАСТОПОЛЬСКИЙ ЗАВОД ""СПЕКТР"", Публичное акционерное общество ""Севастопольский завод ""Спектр"".","Публичное акционерное общество ""Т Плюс""",4451790,False,mismatch
23.09.2025,12.09.2025,False,9703103060,9201505791,False,"Публичное акционерное общество ""ВУШ Холдинг""","ПУБЛИЧНОЕ АКЦИОНЕРНОЕ ОБЩЕСТВО ""СЕВАСТОПОЛЬСКИЙ ЗАВОД ""СПЕКТР"", Публичное акционерное общество ""Севастопольский завод ""Спектр"".",4454691,False,mismatch
24.09.2025,22.09.2025,False,9703103060,9703103060,True,"Публичное акционерное общество ""ВУШ Холдинг""","Публичное акционерное общество ""ВУШ Холдинг""",4455151,True,ok
25.09.2025,23.09.2025,False,9703103060,9703103060,True,"Публичное акционерное общество ""ВУШ Холдинг""","Публичное акционерное общество ""ВУШ Холдинг""",4455577,True,ok
26.09.2025,24.09.2025,False,9703103060,9703103060,True,"Публичное акционерное общество ""ВУШ Холдинг""","Публичное акционерное общество ""ВУШ Холдинг""",4455984,True,ok
29.09.2025,25.09.2025,False,9703103060,9703103060,True,"Публичное акционерное общество ""ВУШ Холдинг""","Публичное акционерное общество ""ВУШ Холдинг""",4456540,True,ok
30.09.2025,26.09.2025,False,9703103060,9703103060,True,"Публичное акционерное общество ""ВУШ Холдинг""","Публичное акционерное общество ""ВУШ Холдинг""",4456963,True,ok
01.10.2025,29.09.2025,False,9703103060,9703103060,True,"Публичное акционерное общество ""ВУШ Холдинг""","Публичное акционерное общество ""ВУШ Холдинг""",4457464,True,ok
02.10.2025,30.09.2025,False,9703103060,9703103060,True,"Публичное акционерное общество ""ВУШ Холдинг""","Публичное акционерное общество ""ВУШ Холдинг""",4458007,True,ok
02.10.2025,26.02.2025,False,7707049388,6624002377,False,"Публичное акционерное общество ""Ростелеком""","Публичное акционерное общество ""Нижнетуринский машиностроительный завод ""Вента""",4458093,False,mismatch
03.10.2025,01.10.2025,False,9703103060,9703103060,True,"Публичное акционерное общество ""ВУШ Холдинг""","Публичное акционерное общество ""ВУШ Холдинг""",4458481,True,ok
03.10.2025,02.10.2025,False,3800000340,9703103060,False,"Акционерное общество ""Восточно-Сибирское речное пароходство""","Публичное акционерное общество ""ВУШ Холдинг""",4458485,False,mismatch
03.10.2025,25.08.2025,False,7831000027,9703103060,False,"ПУБЛИЧНОЕ АКЦИОНЕРНОЕ ОБЩЕСТВО ""БАНК ""САНКТ-ПЕТЕРБУРГ""","Публичное акционерное общество ""ВУШ Холдинг""",4458629,False,mismatch
06.10.2025,02.10.2025,False,9703103060,3800000340,False,"Публичное акционерное общество ""ВУШ Холдинг""","Акционерное общество ""Восточно-Сибирское речное пароходство""",4458935,False,mismatch
07.10.2025,03.10.2025,False,7453326003,9703103060,False,"Публичное акционерное общество ""АПРИ""","Публичное акционерное общество ""ВУШ Холдинг""",4459369,False,mismatch
07.10.2025,07.10.2025,True,9703103060,7453326003,False,"Публичное акционерное общество ""ВУШ Холдинг""","Публичное акционерное общество ""АПРИ""",4459376,False,mismatch
08.10.2025,06.10.2025,False,7831000027,9703103060,False,"ПУБЛИЧНОЕ АКЦИОНЕРНОЕ ОБЩЕСТВО ""БАНК ""САНКТ-ПЕТЕРБУРГ""","Публичное акционерное общество ""ВУШ Холдинг""",4459936,False,mismatch
08.10.2025,08.10.2025,True,9703103060,7831000027,False,"Публичное акционерное общество ""ВУШ Холдинг""","ПУБЛИЧНОЕ АКЦИОНЕРНОЕ ОБЩЕСТВО ""БАНК ""САНКТ-ПЕТЕРБУРГ""",4460107,False,mismatch
09.10.2025,07.10.2025,False,9703103060,9703103060,True,"Публичное акционерное общество ""ВУШ Холдинг""","Публичное акционерное общество ""ВУШ Холдинг""",4460222,True,ok
09.10.2025,08.10.2025,False,7831000027,9703103060,False,"ПУБЛИЧНОЕ АКЦИОНЕРНОЕ ОБЩЕСТВО ""БАНК ""САНКТ-ПЕТЕРБУРГ""","Публичное акционерное общество ""ВУШ Холдинг""",4460374,False,mismatch
10.10.2025,09.10.2025,False,9703103060,7831000027,False,"Публичное акционерное общество ""ВУШ Холдинг""","ПУБЛИЧНОЕ АКЦИОНЕРНОЕ ОБЩЕСТВО ""БАНК ""САНКТ-ПЕТЕРБУРГ""",4460766,False,mismatch
10.10.2025,09.10.2025,False,7831000027,9703103060,False,"ПУБЛИЧНОЕ АКЦИОНЕРНОЕ ОБЩЕСТВО ""БАНК ""САНКТ-ПЕТЕРБУРГ""","Публичное акционерное общество ""ВУШ Холдинг""",4460819,False,mismatch
13.10.2025,10.10.2025,False,9703103060,7831000027,False,"Публичное акционерное общество ""ВУШ Холдинг""","ПУБЛИЧНОЕ АКЦИОНЕРНОЕ ОБЩЕСТВО ""БАНК ""САНКТ-ПЕТЕРБУРГ""",4461072,False,mismatch
13.10.2025,10.10.2025,False,7831000027,9703103060,False,"ПУБЛИЧНОЕ АКЦИОНЕРНОЕ ОБЩЕСТВО ""БАНК ""САНКТ-ПЕТЕРБУРГ""","Публичное акционерное общество ""ВУШ Холдинг""",4461210,False,mismatch
14.10.2025,13.10.2025,False,9703103060,7831000027,False,"Публичное акционерное общество ""ВУШ Холдинг""","ПУБЛИЧНОЕ АКЦИОНЕРНОЕ ОБЩЕСТВО ""БАНК ""САНКТ-ПЕТЕРБУРГ""",4461561,False,mismatch
14.10.2025,13.10.2025,False,7831000027,9703103060,False,"ПУБЛИЧНОЕ АКЦИОНЕРНОЕ ОБЩЕСТВО ""БАНК ""САНКТ-ПЕТЕРБУРГ""","Публичное акционерное общество ""ВУШ Холдинг""",4461639,False,mismatch
15.10.2025,14.10.2025,False,9703103060,7831000027,False,"Публичное акционерное общество ""ВУШ Холдинг""","ПУБЛИЧНОЕ АКЦИОНЕРНОЕ ОБЩЕСТВО ""БАНК ""САНКТ-ПЕТЕРБУРГ""",4461944,False,mismatch
15.10.2025,28.07.2025,False,2537009770,7900000341,False,"Открытое акционерное общество ""Владивостокский морской рыбный порт""","Публичное акционерное общество ""Биробиджанстрой""",4461961,False,mismatch
15.10.2025,14.10.2025,False,7831000027,9703103060,False,"ПУБЛИЧНОЕ АКЦИОНЕРНОЕ ОБЩЕСТВО ""БАНК ""САНКТ-ПЕТЕРБУРГ""","Публичное акционерное общество ""ВУШ Холдинг""",4462063,False,mismatch
16.10.2025,15.10.2025,False,9703103060,7831000027,False,"Публичное акционерное общество ""ВУШ Холдинг""","ПУБЛИЧНОЕ АКЦИОНЕРНОЕ ОБЩЕСТВО ""БАНК ""САНКТ-ПЕТЕРБУРГ""",4462355,False,mismatch
16.10.2025,16.10.2025,True,7417001747,7831000027,False,"Публичное акционерное общество по производству огнеупоров ""Комбинат ""Магнезит""","ПУБЛИЧНОЕ АКЦИОНЕРНОЕ ОБЩЕСТВО ""БАНК ""САНКТ-ПЕТЕРБУРГ""",4462444,False,mismatch
16.10.2025,15.10.2025,False,7831000027,9703103060,False,"ПУБЛИЧНОЕ АКЦИОНЕРНОЕ ОБЩЕСТВО ""БАНК ""САНКТ-ПЕТЕРБУРГ""","Публичное акционерное общество ""ВУШ Холдинг""",4462445,False,mismatch
17.10.2025,16.10.2025,False,9703103060,7417001747,False,"Публичное акционерное общество ""ВУШ Холдинг""","Публичное акционерное общество по производству огнеупоров ""Комбинат ""Магнезит""",4462816,False,mismatch
17.10.2025,16.10.2025,False,7710373095,9703103060,False,"Публичное акционерное общество ""Трубная Металлургическая Компания""","Публичное акционерное общество ""ВУШ Холдинг""",4462850,False,mismatch
17.10.2025,16.10.2025,False,7831000027,7710373095,False,"ПУБЛИЧНОЕ АКЦИОНЕРНОЕ ОБЩЕСТВО ""БАНК ""САНКТ-ПЕТЕРБУРГ""","Публичное акционерное общество ""Трубная Металлургическая Компания""",4462900,False,mismatch
17.10.2025,17.10.2025,True,7802312751,7831000027,False,"Публичное акционерное общество ""Россети Северо-Запад""","ПУБЛИЧНОЕ АКЦИОНЕРНОЕ ОБЩЕСТВО ""БАНК ""САНКТ-ПЕТЕРБУРГ""",4463124,False,mismatch
20.10.2025,17.10.2025,False,9703103060,7802312751,False,"Публичное акционерное общество ""ВУШ Холдинг""","Публичное акционерное общество ""Россети Северо-Запад""",4463283,False,mismatch
20.10.2025,17.10.2025,False,7831000027,9703103060,False,"ПУБЛИЧНОЕ АКЦИОНЕРНОЕ ОБЩЕСТВО ""БАНК ""САНКТ-ПЕТЕРБУРГ""","Публичное акционерное общество ""ВУШ Холдинг""",4463379,False,mismatch
21.10.2025,20.10.2025,False,3800000340,9703103060,False,"Акционерное общество ""Восточно-Сибирское речное пароходство""","Публичное акционерное общество ""ВУШ Холдинг""",4463789,False,mismatch
21.10.2025,20.10.2025,False,9703103060,7831000027,False,"Публичное акционерное общество ""ВУШ Холдинг""","ПУБЛИЧНОЕ АКЦИОНЕРНОЕ ОБЩЕСТВО ""БАНК ""САНКТ-ПЕТЕРБУРГ""",4463790,False,mismatch
21.10.2025,20.10.2025,False,7831000027,3800000340,False,"ПУБЛИЧНОЕ АКЦИОНЕРНОЕ ОБЩЕСТВО ""БАНК ""САНКТ-ПЕТЕРБУРГ""","Акционерное общество ""Восточно-Сибирское речное пароходство""",4463871,False,mismatch
22.10.2025,21.10.2025,False,9703103060,7831000027,False,"Публичное акционерное общество ""ВУШ Холдинг""","ПУБЛИЧНОЕ АКЦИОНЕРНОЕ ОБЩЕСТВО ""БАНК ""САНКТ-ПЕТЕРБУРГ""",4464211,False,mismatch
22.10.2025,21.10.2025,False,7831000027,9703103060,False,"ПУБЛИЧНОЕ АКЦИОНЕРНОЕ ОБЩЕСТВО ""БАНК ""САНКТ-ПЕТЕРБУРГ""","Публичное акционерное общество ""ВУШ Холдинг""",4464356,False,mismatch
23.10.2025,22.10.2025,False,9703103060,7831000027,False,"Публичное акционерное общество ""ВУШ Холдинг""","ПУБЛИЧНОЕ АКЦИОНЕРНОЕ ОБЩЕСТВО ""БАНК ""САНКТ-ПЕТЕРБУРГ""",4464664,False,mismatch
23.10.2025,22.10.2025,False,7831000027,9703103060,False,"ПУБЛИЧНОЕ АКЦИОНЕРНОЕ ОБЩЕСТВО ""БАНК ""САНКТ-ПЕТЕРБУРГ""","Публичное акционерное общество ""ВУШ Холдинг""",4464772,False,mismatch
24.10.2025,23.10.2025,False,9703103060,7831000027,False,"Публичное акционерное общество ""ВУШ Холдинг""","ПУБЛИЧНОЕ АКЦИОНЕРНОЕ ОБЩЕСТВО ""БАНК ""САНКТ-ПЕТЕРБУРГ""",4465120,False,mismatch
24.10.2025,23.10.2025,False,7831000027,9703103060,False,"ПУБЛИЧНОЕ АКЦИОНЕРНОЕ ОБЩЕСТВО ""БАНК ""САНКТ-ПЕТЕРБУРГ""","Публичное акционерное общество ""ВУШ Холдинг""",4465158,False,mismatch
27.10.2025,24.10.2025,False,9703103060,7831000027,False,"Публичное акционерное общество ""ВУШ Холдинг""","ПУБЛИЧНОЕ АКЦИОНЕРНОЕ ОБЩЕСТВО ""БАНК ""САНКТ-ПЕТЕРБУРГ""",4465506,False,mismatch
27.10.2025,24.10.2025,False,7831000027,9703103060,False,"ПУБЛИЧНОЕ АКЦИОНЕРНОЕ ОБЩЕСТВО ""БАНК ""САНКТ-ПЕТЕРБУРГ""","Публичное акционерное общество ""ВУШ Холдинг""",4465797,False,mismatch
28.10.2025,27.10.2025,False,9703103060,7831000027,False,"Публичное акционерное общество ""ВУШ Холдинг""","ПУБЛИЧНОЕ АКЦИОНЕРНОЕ ОБЩЕСТВО ""БАНК ""САНКТ-ПЕТЕРБУРГ""",4466047,False,mismatch
28.10.2025,27.10.2025,False,7831000027,9703103060,False,"ПУБЛИЧНОЕ АКЦИОНЕРНОЕ ОБЩЕСТВО ""БАНК ""САНКТ-ПЕТЕРБУРГ""","Публичное акционерное общество ""ВУШ Холдинг""",4466107,False,mismatch
29.10.2025,28.10.2025,False,9703103060,7831000027,False,"Публичное акционерное общество ""ВУШ Холдинг""","ПУБЛИЧНОЕ АКЦИОНЕРНОЕ ОБЩЕСТВО ""БАНК ""САНКТ-ПЕТЕРБУРГ""",4466615,False,mismatch
29.10.2025,28.10.2025,False,7831000027,9703103060,False,"ПУБЛИЧНОЕ АКЦИОНЕРНОЕ ОБЩЕСТВО ""БАНК ""САНКТ-ПЕТЕРБУРГ""","Публичное акционерное общество ""ВУШ Холдинг""",4466743,False,mismatch
30.10.2025,29.10.2025,False,9703103060,7831000027,False,"Публичное акционерное общество ""ВУШ Холдинг""","ПУБЛИЧНОЕ АКЦИОНЕРНОЕ ОБЩЕСТВО ""БАНК ""САНКТ-ПЕТЕРБУРГ""",4467102,False,mismatch
30.10.2025,29.10.2025,False,7841312071,9703103060,False,"Публичное акционерное общество ""Территориальная генерирующая компания №1""","Публичное акционерное общество ""ВУШ Холдинг""",4467228,False,mismatch
30.10.2025,29.10.2025,False,7831000027,7841312071,False,"ПУБЛИЧНОЕ АКЦИОНЕРНОЕ ОБЩЕСТВО ""БАНК ""САНКТ-ПЕТЕРБУРГ""","Публичное акционерное общество ""Территориальная генерирующая компания №1""",4467395,False,mismatch
31.10.2025,30.10.2025,False,9703103060,7831000027,False,"Публичное акционерное общество ""ВУШ Холдинг""","ПУБЛИЧНОЕ АКЦИОНЕРНОЕ ОБЩЕСТВО ""БАНК ""САНКТ-ПЕТЕРБУРГ""",4467554,False,mismatch
31.10.2025,30.10.2025,False,7831000027,9703103060,False,"ПУБЛИЧНОЕ АКЦИОНЕРНОЕ ОБЩЕСТВО ""БАНК ""САНКТ-ПЕТЕРБУРГ""","Публичное акционерное общество ""ВУШ Холдинг""",4467613,False,mismatch
01.11.2025,31.10.2025,False,7831000027,7831000027,True,"ПУБЛИЧНОЕ АКЦИОНЕРНОЕ ОБЩЕСТВО ""БАНК ""САНКТ-ПЕТЕРБУРГ""","ПУБЛИЧНОЕ АКЦИОНЕРНОЕ ОБЩЕСТВО ""БАНК ""САНКТ-ПЕТЕРБУРГ""",4468041,True,ok
05.11.2025,01.11.2025,False,7831000027,7831000027,True,"ПУБЛИЧНОЕ АКЦИОНЕРНОЕ ОБЩЕСТВО ""БАНК ""САНКТ-ПЕТЕРБУРГ""","ПУБЛИЧНОЕ АКЦИОНЕРНОЕ ОБЩЕСТВО ""БАНК ""САНКТ-ПЕТЕРБУРГ""",4468751,True,ok
05.11.2025,05.11.2025,True,7831000027,7831000027,True,"ПУБЛИЧНОЕ АКЦИОНЕРНОЕ ОБЩЕСТВО ""БАНК ""САНКТ-ПЕТЕРБУРГ""","ПУБЛИЧНОЕ АКЦИОНЕРНОЕ ОБЩЕСТВО ""БАНК ""САНКТ-ПЕТЕРБУРГ""",4468754,True,ok
07.11.2025,05.11.2025,False,7831000027,7831000027,True,"ПУБЛИЧНОЕ АКЦИОНЕРНОЕ ОБЩЕСТВО ""БАНК ""САНКТ-ПЕТЕРБУРГ""","ПУБЛИЧНОЕ АКЦИОНЕРНОЕ ОБЩЕСТВО ""БАНК ""САНКТ-ПЕТЕРБУРГ""",4469610,True,ok
10.11.2025,07.11.2025,False,7831000027,7831000027,True,"ПУБЛИЧНОЕ АКЦИОНЕРНОЕ ОБЩЕСТВО ""БАНК ""САНКТ-ПЕТЕРБУРГ""","ПУБЛИЧНОЕ АКЦИОНЕРНОЕ ОБЩЕСТВО ""БАНК ""САНКТ-ПЕТЕРБУРГ""",4470002,True,ok
11.11.2025,10.11.2025,False,7831000027,7831000027,True,"ПУБЛИЧНОЕ АКЦИОНЕРНОЕ ОБЩЕСТВО ""БАНК ""САНКТ-ПЕТЕРБУРГ""","ПУБЛИЧНОЕ АКЦИОНЕРНОЕ ОБЩЕСТВО ""БАНК ""САНКТ-ПЕТЕРБУРГ""",4470472,True,ok
11.11.2025,02.10.2025,False,1215005177,7831000027,False,"Публичное акционерное общество ""Земля-инвест""","ПУБЛИЧНОЕ АКЦИОНЕРНОЕ ОБЩЕСТВО ""БАНК ""САНКТ-ПЕТЕРБУРГ""",4470512,False,mismatch
12.11.2025,11.11.2025,False,7831000027,7831000027,True,"ПУБЛИЧНОЕ АКЦИОНЕРНОЕ ОБЩЕСТВО ""БАНК ""САНКТ-ПЕТЕРБУРГ""","ПУБЛИЧНОЕ АКЦИОНЕРНОЕ ОБЩЕСТВО ""БАНК ""САНКТ-ПЕТЕРБУРГ""",4470980,True,ok
12.11.2025,25.08.2025,False,3015012854,0268008010,False,"Публичное акционерное общество ""Астраханский порт""","Акционерное общество ""Башкирская содовая компания""",4471085,False,mismatch
13.11.2025,12.11.2025,False,7831000027,7831000027,True,"ПУБЛИЧНОЕ АКЦИОНЕРНОЕ ОБЩЕСТВО ""БАНК ""САНКТ-ПЕТЕРБУРГ""","ПУБЛИЧНОЕ АКЦИОНЕРНОЕ ОБЩЕСТВО ""БАНК ""САНКТ-ПЕТЕРБУРГ""",4471399,True,ok
14.11.2025,13.11.2025,False,7831000027,7831000027,True,"ПУБЛИЧНОЕ АКЦИОНЕРНОЕ ОБЩЕСТВО ""БАНК ""САНКТ-ПЕТЕРБУРГ""","ПУБЛИЧНОЕ АКЦИОНЕРНОЕ ОБЩЕСТВО ""БАНК ""САНКТ-ПЕТЕРБУРГ""",4471901,True,ok
17.11.2025,14.11.2025,False,7831000027,7831000027,True,"ПУБЛИЧНОЕ АКЦИОНЕРНОЕ ОБЩЕСТВО ""БАНК ""САНКТ-ПЕТЕРБУРГ""","ПУБЛИЧНОЕ АКЦИОНЕРНОЕ ОБЩЕСТВО ""БАНК ""САНКТ-ПЕТЕРБУРГ""",4472363,True,ok
18.11.2025,17.11.2025,False,7831000027,7831000027,True,"ПУБЛИЧНОЕ АКЦИОНЕРНОЕ ОБЩЕСТВО ""БАНК ""САНКТ-ПЕТЕРБУРГ""","ПУБЛИЧНОЕ АКЦИОНЕРНОЕ ОБЩЕСТВО ""БАНК ""САНКТ-ПЕТЕРБУРГ""",4472949,True,ok
19.11.2025,18.11.2025,False,7831000027,7831000027,True,"ПУБЛИЧНОЕ АКЦИОНЕРНОЕ ОБЩЕСТВО ""БАНК ""САНКТ-ПЕТЕРБУРГ""","ПУБЛИЧНОЕ АКЦИОНЕРНОЕ ОБЩЕСТВО ""БАНК ""САНКТ-ПЕТЕРБУРГ""",4473346,True,ok
20.11.2025,19.11.2025,False,7831000027,7831000027,True,"ПУБЛИЧНОЕ АКЦИОНЕРНОЕ ОБЩЕСТВО ""БАНК ""САНКТ-ПЕТЕРБУРГ""","ПУБЛИЧНОЕ АКЦИОНЕРНОЕ ОБЩЕСТВО ""БАНК ""САНКТ-ПЕТЕРБУРГ""",4474000,True,ok
21.11.2025,20.11.2025,False,7831000027,7831000027,True,"ПУБЛИЧНОЕ АКЦИОНЕРНОЕ ОБЩЕСТВО ""БАНК ""САНКТ-ПЕТЕРБУРГ""","ПУБЛИЧНОЕ АКЦИОНЕРНОЕ ОБЩЕСТВО ""БАНК ""САНКТ-ПЕТЕРБУРГ""",4474262,True,ok
24.11.2025,21.11.2025,False,7831000027,7831000027,True,"ПУБЛИЧНОЕ АКЦИОНЕРНОЕ ОБЩЕСТВО ""БАНК ""САНКТ-ПЕТЕРБУРГ""","ПУБЛИЧНОЕ АКЦИОНЕРНОЕ ОБЩЕСТВО ""БАНК ""САНКТ-ПЕТЕРБУРГ""",4474722,True,ok
24.11.2025,24.11.2025,True,5615002700,7831000027,False,"Публичное акционерное общество ""Орскнефтеоргсинтез""","ПУБЛИЧНОЕ АКЦИОНЕРНОЕ ОБЩЕСТВО ""БАНК ""САНКТ-ПЕТЕРБУРГ""",4474977,False,mismatch
25.11.2025,18.11.2025,False,7831000027,5615002700,False,"ПУБЛИЧНОЕ АКЦИОНЕРНОЕ ОБЩЕСТВО ""БАНК ""САНКТ-ПЕТЕРБУРГ""","Публичное акционерное общество ""Орскнефтеоргсинтез""",4475264,False,mismatch
26.11.2025,11.11.2025,False,7422012977,3015012854,False,"Акционерное общество ""Озерский завод энергетических устройств ""Энергопром""","Публичное акционерное общество ""Астраханский порт""",4475653,False,mismatch
26.11.2025,25.11.2025,False,7831000027,7831000027,True,"ПУБЛИЧНОЕ АКЦИОНЕРНОЕ ОБЩЕСТВО ""БАНК ""САНКТ-ПЕТЕРБУРГ""","ПУБЛИЧНОЕ АКЦИОНЕРНОЕ ОБЩЕСТВО ""БАНК ""САНКТ-ПЕТЕРБУРГ""",4475761,True,ok
27.11.2025,26.11.2025,False,7831000027,7831000027,True,"ПУБЛИЧНОЕ АКЦИОНЕРНОЕ ОБЩЕСТВО ""БАНК ""САНКТ-ПЕТЕРБУРГ""","ПУБЛИЧНОЕ АКЦИОНЕРНОЕ ОБЩЕСТВО ""БАНК ""САНКТ-ПЕТЕРБУРГ""",4476140,True,ok
28.11.2025,27.11.2025,False,7831000027,7831000027,True,"ПУБЛИЧНОЕ АКЦИОНЕРНОЕ ОБЩЕСТВО ""БАНК ""САНКТ-ПЕТЕРБУРГ""","ПУБЛИЧНОЕ АКЦИОНЕРНОЕ ОБЩЕСТВО ""БАНК ""САНКТ-ПЕТЕРБУРГ""",4476622,True,ok
28.11.2025,28.11.2025,True,9203004575,7831000027,False,"ПУБЛИЧНОЕ АКЦИОНЕРНОЕ ОБЩЕСТВО ""ТАВРИЯ""","ПУБЛИЧНОЕ АКЦИОНЕРНОЕ ОБЩЕСТВО ""БАНК ""САНКТ-ПЕТЕРБУРГ""",4476899,False,mismatch
01.12.2025,28.11.2025,False,7831000027,9203004575,False,"ПУБЛИЧНОЕ АКЦИОНЕРНОЕ ОБЩЕСТВО ""БАНК ""САНКТ-ПЕТЕРБУРГ""","ПУБЛИЧНОЕ АКЦИОНЕРНОЕ ОБЩЕСТВО ""ТАВРИЯ""",4477139,False,mismatch
02.12.2025,01.12.2025,False,7831000027,7831000027,True,"ПУБЛИЧНОЕ АКЦИОНЕРНОЕ ОБЩЕСТВО ""БАНК ""САНКТ-ПЕТЕРБУРГ""","ПУБЛИЧНОЕ АКЦИОНЕРНОЕ ОБЩЕСТВО ""БАНК ""САНКТ-ПЕТЕРБУРГ""",4477995,True,ok
03.12.2025,02.12.2025,False,7831000027,7831000027,True,"ПУБЛИЧНОЕ АКЦИОНЕРНОЕ ОБЩЕСТВО ""БАНК ""САНКТ-ПЕТЕРБУРГ""","ПУБЛИЧНОЕ АКЦИОНЕРНОЕ ОБЩЕСТВО ""БАНК ""САНКТ-ПЕТЕРБУРГ""",4478639,True,ok
04.12.2025,03.12.2025,False,7831000027,7831000027,True,"ПУБЛИЧНОЕ АКЦИОНЕРНОЕ ОБЩЕСТВО ""БАНК ""САНКТ-ПЕТЕРБУРГ""","ПУБЛИЧНОЕ АКЦИОНЕРНОЕ ОБЩЕСТВО ""БАНК ""САНКТ-ПЕТЕРБУРГ""",4478908,True,ok
05.12.2025,04.12.2025,False,7831000027,7831000027,True,"ПУБЛИЧНОЕ АКЦИОНЕРНОЕ ОБЩЕСТВО ""БАНК ""САНКТ-ПЕТЕРБУРГ""","ПУБЛИЧНОЕ АКЦИОНЕРНОЕ ОБЩЕСТВО ""БАНК ""САНКТ-ПЕТЕРБУРГ""",4479284,True,ok
08.12.2025,05.12.2025,False,7831000027,7831000027,True,"ПУБЛИЧНОЕ АКЦИОНЕРНОЕ ОБЩЕСТВО ""БАНК ""САНКТ-ПЕТЕРБУРГ""","ПУБЛИЧНОЕ АКЦИОНЕРНОЕ ОБЩЕСТВО ""БАНК ""САНКТ-ПЕТЕРБУРГ""",4479726,True,ok
09.12.2025,08.12.2025,False,7831000027,7831000027,True,"ПУБЛИЧНОЕ АКЦИОНЕРНОЕ ОБЩЕСТВО ""БАНК ""САНКТ-ПЕТЕРБУРГ""","ПУБЛИЧНОЕ АКЦИОНЕРНОЕ ОБЩЕСТВО ""БАНК ""САНКТ-ПЕТЕРБУРГ""",4480300,True,ok
10.12.2025,09.12.2025,False,7831000027,7831000027,True,"ПУБЛИЧНОЕ АКЦИОНЕРНОЕ ОБЩЕСТВО ""БАНК ""САНКТ-ПЕТЕРБУРГ""","ПУБЛИЧНОЕ АКЦИОНЕРНОЕ ОБЩЕСТВО ""БАНК ""САНКТ-ПЕТЕРБУРГ""",4480653,True,ok
11.12.2025,10.12.2025,False,7831000027,7831000027,True,"ПУБЛИЧНОЕ АКЦИОНЕРНОЕ ОБЩЕСТВО ""БАНК ""САНКТ-ПЕТЕРБУРГ""","ПУБЛИЧНОЕ АКЦИОНЕРНОЕ ОБЩЕСТВО ""БАНК ""САНКТ-ПЕТЕРБУРГ""",4481293,True,ok
12.12.2025,11.12.2025,False,7831000027,7831000027,True,"ПУБЛИЧНОЕ АКЦИОНЕРНОЕ ОБЩЕСТВО ""БАНК ""САНКТ-ПЕТЕРБУРГ""","ПУБЛИЧНОЕ АКЦИОНЕРНОЕ ОБЩЕСТВО ""БАНК ""САНКТ-ПЕТЕРБУРГ""",4481528,True,ok
15.12.2025,17.11.2025,False,7116025938,7422012977,False,"Публичное акционерное общество ""Новомосковскремэнерго""","Акционерное общество ""Озерский завод энергетических устройств ""Энергопром""",4482080,False,mismatch
15.12.2025,12.12.2025,False,7831000027,7831000027,True,"ПУБЛИЧНОЕ АКЦИОНЕРНОЕ ОБЩЕСТВО ""БАНК ""САНКТ-ПЕТЕРБУРГ""","ПУБЛИЧНОЕ АКЦИОНЕРНОЕ ОБЩЕСТВО ""БАНК ""САНКТ-ПЕТЕРБУРГ""",4482142,True,ok
16.12.2025,15.10.2025,False,9204021090,2537009770,False,"ПУБЛИЧНОЕ АКЦИОНЕРНОЕ ОБЩЕСТВО ""СЕВАСТОПОЛЬ-БАКАЛЕЯ""","Открытое акционерное общество ""Владивостокский морской рыбный порт""",4482703,False,mismatch
16.12.2025,15.12.2025,False,7831000027,7831000027,True,"ПУБЛИЧНОЕ АКЦИОНЕРНОЕ ОБЩЕСТВО ""БАНК ""САНКТ-ПЕТЕРБУРГ""","ПУБЛИЧНОЕ АКЦИОНЕРНОЕ ОБЩЕСТВО ""БАНК ""САНКТ-ПЕТЕРБУРГ""",4482719,True,ok
16.12.2025,16.12.2025,True,4717001460,9204021090,False,"Публичное акционерное общество ""Племенной завод ""Торосово""""","ПУБЛИЧНОЕ АКЦИОНЕРНОЕ ОБЩЕСТВО ""СЕВАСТОПОЛЬ-БАКАЛЕЯ""",4482849,False,mismatch
17.12.2025,16.12.2025,False,7831000027,7831000027,True,"ПУБЛИЧНОЕ АКЦИОНЕРНОЕ ОБЩЕСТВО ""БАНК ""САНКТ-ПЕТЕРБУРГ""","ПУБЛИЧНОЕ АКЦИОНЕРНОЕ ОБЩЕСТВО ""БАНК ""САНКТ-ПЕТЕРБУРГ""",4483315,True,ok
18.12.2025,17.12.2025,False,7831000027,7831000027,True,"ПУБЛИЧНОЕ АКЦИОНЕРНОЕ ОБЩЕСТВО ""БАНК ""САНКТ-ПЕТЕРБУРГ""","ПУБЛИЧНОЕ АКЦИОНЕРНОЕ ОБЩЕСТВО ""БАНК ""САНКТ-ПЕТЕРБУРГ""",4483985,True,ok
18.12.2025,15.12.2025,False,7724070573,7116025938,False,"Акционерное общество ""Фабрика производства платков""","Публичное акционерное общество ""Новомосковскремэнерго""",4484219,False,mismatch
19.12.2025,18.12.2025,False,7831000027,7831000027,True,"ПУБЛИЧНОЕ АКЦИОНЕРНОЕ ОБЩЕСТВО ""БАНК ""САНКТ-ПЕТЕРБУРГ""","ПУБЛИЧНОЕ АКЦИОНЕРНОЕ ОБЩЕСТВО ""БАНК ""САНКТ-ПЕТЕРБУРГ""",4484406,True,ok
19.12.2025,18.12.2025,False,7721063480,7724070573,False,"Акционерное общество ""ДОК-3""","Акционерное общество ""Фабрика производства платков""",4484773,False,mismatch
22.12.2025,19.12.2025,False,7831000027,7831000027,True,"ПУБЛИЧНОЕ АКЦИОНЕРНОЕ ОБЩЕСТВО ""БАНК ""САНКТ-ПЕТЕРБУРГ""","ПУБЛИЧНОЕ АКЦИОНЕРНОЕ ОБЩЕСТВО ""БАНК ""САНКТ-ПЕТЕРБУРГ""",4484942,True,ok
23.12.2025,22.12.2025,False,7831000027,7831000027,True,"ПУБЛИЧНОЕ АКЦИОНЕРНОЕ ОБЩЕСТВО ""БАНК ""САНКТ-ПЕТЕРБУРГ""","ПУБЛИЧНОЕ АКЦИОНЕРНОЕ ОБЩЕСТВО ""БАНК ""САНКТ-ПЕТЕРБУРГ""",4485529,True,ok
24.12.2025,23.12.2025,False,7831000027,7831000027,True,"ПУБЛИЧНОЕ АКЦИОНЕРНОЕ ОБЩЕСТВО ""БАНК ""САНКТ-ПЕТЕРБУРГ""","ПУБЛИЧНОЕ АКЦИОНЕРНОЕ ОБЩЕСТВО ""БАНК ""САНКТ-ПЕТЕРБУРГ""",4486083,True,ok
25.12.2025,24.12.2025,False,7831000027,7831000027,True,"ПУБЛИЧНОЕ АКЦИОНЕРНОЕ ОБЩЕСТВО ""БАНК ""САНКТ-ПЕТЕРБУРГ""","ПУБЛИЧНОЕ АКЦИОНЕРНОЕ ОБЩЕСТВО ""БАНК ""САНКТ-ПЕТЕРБУРГ""",4486604,True,ok
26.12.2025,25.12.2025,False,7831000027,7831000027,True,"ПУБЛИЧНОЕ АКЦИОНЕРНОЕ ОБЩЕСТВО ""БАНК ""САНКТ-ПЕТЕРБУРГ""","ПУБЛИЧНОЕ АКЦИОНЕРНОЕ ОБЩЕСТВО ""БАНК ""САНКТ-ПЕТЕРБУРГ""",4487138,True,ok
29.12.2025,26.12.2025,False,7831000027,7831000027,True,"ПУБЛИЧНОЕ АКЦИОНЕРНОЕ ОБЩЕСТВО ""БАНК ""САНКТ-ПЕТЕРБУРГ""","ПУБЛИЧНОЕ АКЦИОНЕРНОЕ ОБЩЕСТВО ""БАНК ""САНКТ-ПЕТЕРБУРГ""",4487792,True,ok
30.12.2025,29.12.2025,False,7831000027,7831000027,True,"ПУБЛИЧНОЕ АКЦИОНЕРНОЕ ОБЩЕСТВО ""БАНК ""САНКТ-ПЕТЕРБУРГ""","ПУБЛИЧНОЕ АКЦИОНЕРНОЕ ОБЩЕСТВО ""БАНК ""САНКТ-ПЕТЕРБУРГ""",4488406,True,ok
